Verband;Saison;Meisterschaft;Region;Altersklasse;Liga;Gruppe;VereinVerband;VereinRegion;VereinNr;VereinName;MannschaftAltersklasse;MannschaftNr;Rang;Begegnungen;Siege;Unentschieden;Niederlagen;BaelleGewonnen;BaelleVerloren;SaetzeGewonnen;SaetzeVerloren;SpieleGewonnen;SpieleVerloren;PunkteGewonnen;PunkteVerloren;Status
WTTV;2026/27;Bezirk Ostwestfalen/Lippe 2026/27;Ostwestfalen/Lippe;Erwachsene;Bezirksoberliga Erwachsene;Bezirksoberliga Erwachsene;WTTV;Ostwestfalen/Lippe;42608;TSV Eintracht Belle;Erwachsene;1;1;0;0;0;0;0;0;0;0;0;0;0;0;
WTTV;2026/27;Bezirk Ostwestfalen/Lippe 2026/27;Ostwestfalen/Lippe;Erwachsene;Bezirksoberliga Erwachsene;Bezirksoberliga Erwachsene;WTTV;Ostwestfalen/Lippe;42706;SC GW Paderborn;Erwachsene;1;2;0;0;0;0;0;0;0;0;0;0;0;0;
WTTV;2026/27;Bezirk Ostwestfalen/Lippe 2026/27;Ostwestfalen/Lippe;Erwachsene;Bezirksoberliga Erwachsene;Bezirksoberliga Erwachsene;WTTV;Ostwestfalen/Lippe;42718;SV Heide Paderborn;Erwachsene;1;3;0;0;0;0;0;0;0;0;0;0;0;0;
WTTV;2026/27;Bezirk Ostwestfalen/Lippe 2026/27;Ostwestfalen/Lippe;Erwachsene;Bezirksoberliga Erwachsene;Bezirksoberliga Erwachsene;WTTV;Ostwestfalen/Lippe;42507;Sportverein 1930 Bergheim;Erwachsene;1;4;0;0;0;0;0;0;0;0;0;0;0;0;
WTTV;2026/27;Bezirk Ostwestfalen/Lippe 2026/27;Ostwestfalen/Lippe;Erwachsene;Bezirksoberliga Erwachsene;Bezirksoberliga Erwachsene;WTTV;Ostwestfalen/Lippe;42604;TTS Detmold e.V.;Erwachsene;1;5;0;0;0;0;0;0;0;0;0;0;0;0;
WTTV;2026/27;Bezirk Ostwestfalen/Lippe 2026/27;Ostwestfalen/Lippe;Erwachsene;Bezirksoberliga Erwachsene;Bezirksoberliga Erwachsene;WTTV;Ostwestfalen/Lippe;42702;TTV Salzkotten;Erwachsene;1;6;0;0;0;0;0;0;0;0;0;0;0;0;
WTTV;2026/27;Bezirk Ostwestfalen/Lippe 2026/27;Ostwestfalen/Lippe;Erwachsene;Bezirksoberliga Erwachsene;Bezirksoberliga Erwachsene;WTTV;Ostwestfalen/Lippe;42505;Tischtennisverein Höxter;Erwachsene;1;7;0;0;0;0;0;0;0;0;0;0;0;0;
WTTV;2026/27;Bezirk Ostwestfalen/Lippe 2026/27;Ostwestfalen/Lippe;Erwachsene;Bezirksoberliga Erwachsene;Bezirksoberliga Erwachsene;WTTV;Ostwestfalen/Lippe;42726;TSV Schloß Neuhaus;Erwachsene;1;8;0;0;0;0;0;0;0;0;0;0;0;0;
WTTV;2026/27;Bezirk Ostwestfalen/Lippe 2026/27;Ostwestfalen/Lippe;Erwachsene;Bezirksoberliga Erwachsene;Bezirksoberliga Erwachsene;WTTV;Ostwestfalen/Lippe;42610;TuS Helpup;Erwachsene;1;9;0;0;0;0;0;0;0;0;0;0;0;0;
WTTV;2026/27;Bezirk Ostwestfalen/Lippe 2026/27;Ostwestfalen/Lippe;Erwachsene;Bezirksoberliga Erwachsene;Bezirksoberliga Erwachsene;WTTV;Ostwestfalen/Lippe;42724;SV Rot-Weiß Alfen;Erwachsene;1;10;0;0;0;0;0;0;0;0;0;0;0;0;
WTTV;2026/27;Bezirk Ostwestfalen/Lippe 2026/27;Ostwestfalen/Lippe;Erwachsene;Bezirksoberliga Erwachsene;Bezirksoberliga Erwachsene;WTTV;Ostwestfalen/Lippe;42503;TuS Bad Driburg;Erwachsene;1;11;0;0;0;0;0;0;0;0;0;0;0;0;
WTTV;2026/27;Bezirk Ostwestfalen/Lippe 2026/27;Ostwestfalen/Lippe;Erwachsene;Bezirksoberliga Erwachsene;Bezirksoberliga Erwachsene;WTTV;Ostwestfalen/Lippe;42711;TuS Bad Wünnenberg;Erwachsene;1;12;0;0;0;0;0;0;0;0;0;0;0;0;
WTTV;2026/27;Bezirk Ostwestfalen/Lippe 2026/27;Ostwestfalen/Lippe;Erwachsene;1. Bezirksliga Erwachsene;1. Bezirksliga 1 Erwachsene;WTTV;Ostwestfalen/Lippe;42625;SV Bavenhausen;Erwachsene;1;1;0;0;0;0;0;0;0;0;0;0;0;0;
WTTV;2026/27;Bezirk Ostwestfalen/Lippe 2026/27;Ostwestfalen/Lippe;Erwachsene;1. Bezirksliga Erwachsene;1. Bezirksliga 1 Erwachsene;WTTV;Ostwestfalen/Lippe;42635;TTG Lemgo e.V.;Erwachsene;1;2;0;0;0;0;0;0;0;0;0;0;0;0;
WTTV;2026/27;Bezirk Ostwestfalen/Lippe 2026/27;Ostwestfalen/Lippe;Erwachsene;1. Bezirksliga Erwachsene;1. Bezirksliga 1 Erwachsene;WTTV;Ostwestfalen/Lippe;42612;TuS Bexterhagen;Erwachsene;1;3;0;0;0;0;0;0;0;0;0;0;0;0;
WTTV;2026/27;Bezirk Ostwestfalen/Lippe 2026/27;Ostwestfalen/Lippe;Erwachsene;1. Bezirksliga Erwachsene;1. Bezirksliga 1 Erwachsene;WTTV;Ostwestfalen/Lippe;42716;SV Rot-Weiß Bentfeld;Erwachsene;1;4;0;0;0;0;0;0;0;0;0;0;0;0;
WTTV;2026/27;Bezirk Ostwestfalen/Lippe 2026/27;Ostwestfalen/Lippe;Erwachsene;1. Bezirksliga Erwachsene;1. Bezirksliga 1 Erwachsene;WTTV;Ostwestfalen/Lippe;42604;TTS Detmold e.V.;Erwachsene;2;5;0;0;0;0;0;0;0;0;0;0;0;0;
WTTV;2026/27;Bezirk Ostwestfalen/Lippe 2026/27;Ostwestfalen/Lippe;Erwachsene;1. Bezirksliga Erwachsene;1. Bezirksliga 1 Erwachsene;WTTV;Ostwestfalen/Lippe;42603;TTSG Erder;Erwachsene;1;6;0;0;0;0;0;0;0;0;0;0;0;0;
WTTV;2026/27;Bezirk Ostwestfalen/Lippe 2026/27;Ostwestfalen/Lippe;Erwachsene;1. Bezirksliga Erwachsene;1. Bezirksliga 1 Erwachsene;WTTV;Ostwestfalen/Lippe;42614;TTV Lage e.V.;Erwachsene;1;7;0;0;0;0;0;0;0;0;0;0;0;0;
WTTV;2026/27;Bezirk Ostwestfalen/Lippe 2026/27;Ostwestfalen/Lippe;Erwachsene;1. Bezirksliga Erwachsene;1. Bezirksliga 1 Erwachsene;WTTV;Ostwestfalen/Lippe;42610;TuS Helpup;Erwachsene;2;8;0;0;0;0;0;0;0;0;0;0;0;0;
WTTV;2026/27;Bezirk Ostwestfalen/Lippe 2026/27;Ostwestfalen/Lippe;Erwachsene;1. Bezirksliga Erwachsene;1. Bezirksliga 1 Erwachsene;WTTV;Ostwestfalen/Lippe;42608;TSV Eintracht Belle;Erwachsene;2;9;0;0;0;0;0;0;0;0;0;0;0;0;
WTTV;2026/27;Bezirk Ostwestfalen/Lippe 2026/27;Ostwestfalen/Lippe;Erwachsene;1. Bezirksliga Erwachsene;1. Bezirksliga 1 Erwachsene;WTTV;Ostwestfalen/Lippe;42712;TuRa Elsen;Erwachsene;4;10;0;0;0;0;0;0;0;0;0;0;0;0;
WTTV;2026/27;Bezirk Ostwestfalen/Lippe 2026/27;Ostwestfalen/Lippe;Erwachsene;1. Bezirksliga Erwachsene;1. Bezirksliga 1 Erwachsene;WTTV;Ostwestfalen/Lippe;42706;SC GW Paderborn;Erwachsene;2;11;0;0;0;0;0;0;0;0;0;0;0;0;
WTTV;2026/27;Bezirk Ostwestfalen/Lippe 2026/27;Ostwestfalen/Lippe;Erwachsene;1. Bezirksliga Erwachsene;1. Bezirksliga 1 Erwachsene;WTTV;Ostwestfalen/Lippe;42704;TTV Hövelhof;Erwachsene;1;12;0;0;0;0;0;0;0;0;0;0;0;0;
WTTV;2026/27;Bezirk Ostwestfalen/Lippe 2026/27;Ostwestfalen/Lippe;Erwachsene;1. Bezirksliga Erwachsene;1. Bezirksliga 2 Erwachsene;WTTV;Ostwestfalen/Lippe;42504;TTG Ikenhausen;Erwachsene;1;1;0;0;0;0;0;0;0;0;0;0;0;0;
WTTV;2026/27;Bezirk Ostwestfalen/Lippe 2026/27;Ostwestfalen/Lippe;Erwachsene;1. Bezirksliga Erwachsene;1. Bezirksliga 2 Erwachsene;WTTV;Ostwestfalen/Lippe;42518;FC Bühne 1929;Erwachsene;1;2;0;0;0;0;0;0;0;0;0;0;0;0;
WTTV;2026/27;Bezirk Ostwestfalen/Lippe 2026/27;Ostwestfalen/Lippe;Erwachsene;1. Bezirksliga Erwachsene;1. Bezirksliga 2 Erwachsene;WTTV;Ostwestfalen/Lippe;42521;SV Menne;Erwachsene;1;3;0;0;0;0;0;0;0;0;0;0;0;0;
WTTV;2026/27;Bezirk Ostwestfalen/Lippe 2026/27;Ostwestfalen/Lippe;Erwachsene;1. Bezirksliga Erwachsene;1. Bezirksliga 2 Erwachsene;WTTV;Ostwestfalen/Lippe;42526;SV Teutonia Ossendorf;Erwachsene;1;4;0;0;0;0;0;0;0;0;0;0;0;0;
WTTV;2026/27;Bezirk Ostwestfalen/Lippe 2026/27;Ostwestfalen/Lippe;Erwachsene;1. Bezirksliga Erwachsene;1. Bezirksliga 2 Erwachsene;WTTV;Ostwestfalen/Lippe;42709;TTC Paderborn e.V.;Erwachsene;1;5;0;0;0;0;0;0;0;0;0;0;0;0;
WTTV;2026/27;Bezirk Ostwestfalen/Lippe 2026/27;Ostwestfalen/Lippe;Erwachsene;1. Bezirksliga Erwachsene;1. Bezirksliga 2 Erwachsene;WTTV;Ostwestfalen/Lippe;42711;TuS Bad Wünnenberg;Erwachsene;2;6;0;0;0;0;0;0;0;0;0;0;0;0;
WTTV;2026/27;Bezirk Ostwestfalen/Lippe 2026/27;Ostwestfalen/Lippe;Erwachsene;1. Bezirksliga Erwachsene;1. Bezirksliga 2 Erwachsene;WTTV;Ostwestfalen/Lippe;42505;Tischtennisverein Höxter;Erwachsene;2;7;0;0;0;0;0;0;0;0;0;0;0;0;
WTTV;2026/27;Bezirk Ostwestfalen/Lippe 2026/27;Ostwestfalen/Lippe;Erwachsene;1. Bezirksliga Erwachsene;1. Bezirksliga 2 Erwachsene;WTTV;Ostwestfalen/Lippe;42501;DJK Adler Brakel;Erwachsene;2;8;0;0;0;0;0;0;0;0;0;0;0;0;
WTTV;2026/27;Bezirk Ostwestfalen/Lippe 2026/27;Ostwestfalen/Lippe;Erwachsene;1. Bezirksliga Erwachsene;1. Bezirksliga 2 Erwachsene;WTTV;Ostwestfalen/Lippe;42520;TTV Warburg;Erwachsene;1;9;0;0;0;0;0;0;0;0;0;0;0;0;
WTTV;2026/27;Bezirk Ostwestfalen/Lippe 2026/27;Ostwestfalen/Lippe;Erwachsene;1. Bezirksliga Erwachsene;1. Bezirksliga 2 Erwachsene;WTTV;Ostwestfalen/Lippe;42723;SV Blau-Weiß Benhausen;Erwachsene;1;10;0;0;0;0;0;0;0;0;0;0;0;0;
WTTV;2026/27;Bezirk Ostwestfalen/Lippe 2026/27;Ostwestfalen/Lippe;Erwachsene;1. Bezirksliga Erwachsene;1. Bezirksliga 2 Erwachsene;WTTV;Ostwestfalen/Lippe;42719;SV BW Etteln;Erwachsene;1;11;0;0;0;0;0;0;0;0;0;0;0;0;
WTTV;2026/27;Bezirk Ostwestfalen/Lippe 2026/27;Ostwestfalen/Lippe;Erwachsene;1. Bezirksliga Erwachsene;1. Bezirksliga 2 Erwachsene;WTTV;Ostwestfalen/Lippe;42512;SV Vörden;Erwachsene;1;12;0;0;0;0;0;0;0;0;0;0;0;0;
WTTV;2026/27;Bezirk Ostwestfalen/Lippe 2026/27;Ostwestfalen/Lippe;Erwachsene;2. Bezirksliga Erwachsene;2. Bezirksliga 1 Erwachsene;WTTV;Ostwestfalen/Lippe;42637;TuS Langenholzhausen;Erwachsene;1;1;0;0;0;0;0;0;0;0;0;0;0;0;
WTTV;2026/27;Bezirk Ostwestfalen/Lippe 2026/27;Ostwestfalen/Lippe;Erwachsene;2. Bezirksliga Erwachsene;2. Bezirksliga 1 Erwachsene;WTTV;Ostwestfalen/Lippe;42610;TuS Helpup;Erwachsene;3;2;0;0;0;0;0;0;0;0;0;0;0;0;
WTTV;2026/27;Bezirk Ostwestfalen/Lippe 2026/27;Ostwestfalen/Lippe;Erwachsene;2. Bezirksliga Erwachsene;2. Bezirksliga 1 Erwachsene;WTTV;Ostwestfalen/Lippe;42605;PSG Bad Salzuflen;Erwachsene;1;3;0;0;0;0;0;0;0;0;0;0;0;0;
WTTV;2026/27;Bezirk Ostwestfalen/Lippe 2026/27;Ostwestfalen/Lippe;Erwachsene;2. Bezirksliga Erwachsene;2. Bezirksliga 1 Erwachsene;WTTV;Ostwestfalen/Lippe;42614;TTV Lage e.V.;Erwachsene;2;4;0;0;0;0;0;0;0;0;0;0;0;0;
WTTV;2026/27;Bezirk Ostwestfalen/Lippe 2026/27;Ostwestfalen/Lippe;Erwachsene;2. Bezirksliga Erwachsene;2. Bezirksliga 1 Erwachsene;WTTV;Ostwestfalen/Lippe;42619;TuS Bega 09;Erwachsene;1;5;0;0;0;0;0;0;0;0;0;0;0;0;
WTTV;2026/27;Bezirk Ostwestfalen/Lippe 2026/27;Ostwestfalen/Lippe;Erwachsene;2. Bezirksliga Erwachsene;2. Bezirksliga 1 Erwachsene;WTTV;Ostwestfalen/Lippe;42635;TTG Lemgo e.V.;Erwachsene;2;6;0;0;0;0;0;0;0;0;0;0;0;0;
WTTV;2026/27;Bezirk Ostwestfalen/Lippe 2026/27;Ostwestfalen/Lippe;Erwachsene;2. Bezirksliga Erwachsene;2. Bezirksliga 1 Erwachsene;WTTV;Ostwestfalen/Lippe;42608;TSV Eintracht Belle;Erwachsene;3;7;0;0;0;0;0;0;0;0;0;0;0;0;
WTTV;2026/27;Bezirk Ostwestfalen/Lippe 2026/27;Ostwestfalen/Lippe;Erwachsene;2. Bezirksliga Erwachsene;2. Bezirksliga 1 Erwachsene;WTTV;Ostwestfalen/Lippe;42635;TTG Lemgo e.V.;Erwachsene;3;8;0;0;0;0;0;0;0;0;0;0;0;0;
WTTV;2026/27;Bezirk Ostwestfalen/Lippe 2026/27;Ostwestfalen/Lippe;Erwachsene;2. Bezirksliga Erwachsene;2. Bezirksliga 1 Erwachsene;WTTV;Ostwestfalen/Lippe;42618;VfL Lüerdissen;Erwachsene;1;9;0;0;0;0;0;0;0;0;0;0;0;0;
WTTV;2026/27;Bezirk Ostwestfalen/Lippe 2026/27;Ostwestfalen/Lippe;Erwachsene;2. Bezirksliga Erwachsene;2. Bezirksliga 1 Erwachsene;WTTV;Ostwestfalen/Lippe;42614;TTV Lage e.V.;Erwachsene;3;10;0;0;0;0;0;0;0;0;0;0;0;0;
WTTV;2026/27;Bezirk Ostwestfalen/Lippe 2026/27;Ostwestfalen/Lippe;Erwachsene;2. Bezirksliga Erwachsene;2. Bezirksliga 1 Erwachsene;WTTV;Ostwestfalen/Lippe;42621;TSV Bentrup-Lossbruch;Erwachsene;1;11;0;0;0;0;0;0;0;0;0;0;0;0;
WTTV;2026/27;Bezirk Ostwestfalen/Lippe 2026/27;Ostwestfalen/Lippe;Erwachsene;2. Bezirksliga Erwachsene;2. Bezirksliga 1 Erwachsene;WTTV;Ostwestfalen/Lippe;42617;VfL Hiddesen-Pivitsheide;Erwachsene;1;12;0;0;0;0;0;0;0;0;0;0;0;0;
WTTV;2026/27;Bezirk Ostwestfalen/Lippe 2026/27;Ostwestfalen/Lippe;Erwachsene;2. Bezirksliga Erwachsene;2. Bezirksliga 2 Erwachsene;WTTV;Ostwestfalen/Lippe;42702;TTV Salzkotten;Erwachsene;2;1;0;0;0;0;0;0;0;0;0;0;0;0;
WTTV;2026/27;Bezirk Ostwestfalen/Lippe 2026/27;Ostwestfalen/Lippe;Erwachsene;2. Bezirksliga Erwachsene;2. Bezirksliga 2 Erwachsene;WTTV;Ostwestfalen/Lippe;42708;SC Borchen;Erwachsene;1;2;0;0;0;0;0;0;0;0;0;0;0;0;
WTTV;2026/27;Bezirk Ostwestfalen/Lippe 2026/27;Ostwestfalen/Lippe;Erwachsene;2. Bezirksliga Erwachsene;2. Bezirksliga 2 Erwachsene;WTTV;Ostwestfalen/Lippe;42722;DJK Graf Sporck 1920 e.V. Delbrück;Erwachsene;1;3;0;0;0;0;0;0;0;0;0;0;0;0;
WTTV;2026/27;Bezirk Ostwestfalen/Lippe 2026/27;Ostwestfalen/Lippe;Erwachsene;2. Bezirksliga Erwachsene;2. Bezirksliga 2 Erwachsene;WTTV;Ostwestfalen/Lippe;42712;TuRa Elsen;Erwachsene;5;4;0;0;0;0;0;0;0;0;0;0;0;0;
WTTV;2026/27;Bezirk Ostwestfalen/Lippe 2026/27;Ostwestfalen/Lippe;Erwachsene;2. Bezirksliga Erwachsene;2. Bezirksliga 2 Erwachsene;WTTV;Ostwestfalen/Lippe;42710;TTC Bad Lippspringe;Erwachsene;1;5;0;0;0;0;0;0;0;0;0;0;0;0;
WTTV;2026/27;Bezirk Ostwestfalen/Lippe 2026/27;Ostwestfalen/Lippe;Erwachsene;2. Bezirksliga Erwachsene;2. Bezirksliga 2 Erwachsene;WTTV;Ostwestfalen/Lippe;42707;SC Victoria Neuenbeken;Erwachsene;1;6;0;0;0;0;0;0;0;0;0;0;0;0;
WTTV;2026/27;Bezirk Ostwestfalen/Lippe 2026/27;Ostwestfalen/Lippe;Erwachsene;2. Bezirksliga Erwachsene;2. Bezirksliga 2 Erwachsene;WTTV;Ostwestfalen/Lippe;42709;TTC Paderborn e.V.;Erwachsene;2;7;0;0;0;0;0;0;0;0;0;0;0;0;
WTTV;2026/27;Bezirk Ostwestfalen/Lippe 2026/27;Ostwestfalen/Lippe;Erwachsene;2. Bezirksliga Erwachsene;2. Bezirksliga 2 Erwachsene;WTTV;Ostwestfalen/Lippe;42706;SC GW Paderborn;Erwachsene;3;8;0;0;0;0;0;0;0;0;0;0;0;0;
WTTV;2026/27;Bezirk Ostwestfalen/Lippe 2026/27;Ostwestfalen/Lippe;Erwachsene;2. Bezirksliga Erwachsene;2. Bezirksliga 2 Erwachsene;WTTV;Ostwestfalen/Lippe;42720;SC Concordia 1919 Scharmede e.V.;Erwachsene;1;9;0;0;0;0;0;0;0;0;0;0;0;0;
WTTV;2026/27;Bezirk Ostwestfalen/Lippe 2026/27;Ostwestfalen/Lippe;Erwachsene;2. Bezirksliga Erwachsene;2. Bezirksliga 2 Erwachsene;WTTV;Ostwestfalen/Lippe;42712;TuRa Elsen;Erwachsene;6;10;0;0;0;0;0;0;0;0;0;0;0;0;
WTTV;2026/27;Bezirk Ostwestfalen/Lippe 2026/27;Ostwestfalen/Lippe;Erwachsene;2. Bezirksliga Erwachsene;2. Bezirksliga 2 Erwachsene;WTTV;Ostwestfalen/Lippe;42718;SV Heide Paderborn;Erwachsene;2;11;0;0;0;0;0;0;0;0;0;0;0;0;
WTTV;2026/27;Bezirk Ostwestfalen/Lippe 2026/27;Ostwestfalen/Lippe;Erwachsene;2. Bezirksliga Erwachsene;2. Bezirksliga 2 Erwachsene;WTTV;Ostwestfalen/Lippe;42714;SV BW Sande;Erwachsene;1;12;0;0;0;0;0;0;0;0;0;0;0;0;
WTTV;2026/27;Bezirk Ostwestfalen/Lippe 2026/27;Ostwestfalen/Lippe;Erwachsene;2. Bezirksliga Erwachsene;2. Bezirksliga 3 Erwachsene;WTTV;Ostwestfalen/Lippe;42524;TTC Borgentreich;Erwachsene;1;1;0;0;0;0;0;0;0;0;0;0;0;0;
WTTV;2026/27;Bezirk Ostwestfalen/Lippe 2026/27;Ostwestfalen/Lippe;Erwachsene;2. Bezirksliga Erwachsene;2. Bezirksliga 3 Erwachsene;WTTV;Ostwestfalen/Lippe;42507;Sportverein 1930 Bergheim;Erwachsene;2;2;0;0;0;0;0;0;0;0;0;0;0;0;
WTTV;2026/27;Bezirk Ostwestfalen/Lippe 2026/27;Ostwestfalen/Lippe;Erwachsene;2. Bezirksliga Erwachsene;2. Bezirksliga 3 Erwachsene;WTTV;Ostwestfalen/Lippe;42620;TuS Schieder-Schwalenberg e.V.;Erwachsene;1;3;0;0;0;0;0;0;0;0;0;0;0;0;
WTTV;2026/27;Bezirk Ostwestfalen/Lippe 2026/27;Ostwestfalen/Lippe;Erwachsene;2. Bezirksliga Erwachsene;2. Bezirksliga 3 Erwachsene;WTTV;Ostwestfalen/Lippe;42502;TTV Borgholz;Erwachsene;1;4;0;0;0;0;0;0;0;0;0;0;0;0;
WTTV;2026/27;Bezirk Ostwestfalen/Lippe 2026/27;Ostwestfalen/Lippe;Erwachsene;2. Bezirksliga Erwachsene;2. Bezirksliga 3 Erwachsene;WTTV;Ostwestfalen/Lippe;42508;DJK Nieheim;Erwachsene;1;5;0;0;0;0;0;0;0;0;0;0;0;0;
WTTV;2026/27;Bezirk Ostwestfalen/Lippe 2026/27;Ostwestfalen/Lippe;Erwachsene;2. Bezirksliga Erwachsene;2. Bezirksliga 3 Erwachsene;WTTV;Ostwestfalen/Lippe;42512;SV Vörden;Erwachsene;2;6;0;0;0;0;0;0;0;0;0;0;0;0;
WTTV;2026/27;Bezirk Ostwestfalen/Lippe 2026/27;Ostwestfalen/Lippe;Erwachsene;2. Bezirksliga Erwachsene;2. Bezirksliga 3 Erwachsene;WTTV;Ostwestfalen/Lippe;42602;TV Blomberg;Erwachsene;1;7;0;0;0;0;0;0;0;0;0;0;0;0;
WTTV;2026/27;Bezirk Ostwestfalen/Lippe 2026/27;Ostwestfalen/Lippe;Erwachsene;2. Bezirksliga Erwachsene;2. Bezirksliga 3 Erwachsene;WTTV;Ostwestfalen/Lippe;42522;TTV Grün-Weiß Daseburg;Erwachsene;1;8;0;0;0;0;0;0;0;0;0;0;0;0;
WTTV;2026/27;Bezirk Ostwestfalen/Lippe 2026/27;Ostwestfalen/Lippe;Erwachsene;2. Bezirksliga Erwachsene;2. Bezirksliga 3 Erwachsene;WTTV;Ostwestfalen/Lippe;42703;SC Wewer 2000;Erwachsene;1;9;0;0;0;0;0;0;0;0;0;0;0;0;
WTTV;2026/27;Bezirk Ostwestfalen/Lippe 2026/27;Ostwestfalen/Lippe;Erwachsene;2. Bezirksliga Erwachsene;2. Bezirksliga 3 Erwachsene;WTTV;Ostwestfalen/Lippe;42503;TuS Bad Driburg;Erwachsene;2;10;0;0;0;0;0;0;0;0;0;0;0;0;
WTTV;2026/27;Bezirk Ostwestfalen/Lippe 2026/27;Ostwestfalen/Lippe;Erwachsene;2. Bezirksliga Erwachsene;2. Bezirksliga 3 Erwachsene;WTTV;Ostwestfalen/Lippe;42518;FC Bühne 1929;Erwachsene;2;11;0;0;0;0;0;0;0;0;0;0;0;0;
WTTV;2026/27;Bezirk Ostwestfalen/Lippe 2026/27;Ostwestfalen/Lippe;Erwachsene;1. Bezirksklasse Erwachsene;1. Bezirksklasse 1 Erwachsene;WTTV;Ostwestfalen/Lippe;42612;TuS Bexterhagen;Erwachsene;2;1;0;0;0;0;0;0;0;0;0;0;0;0;
WTTV;2026/27;Bezirk Ostwestfalen/Lippe 2026/27;Ostwestfalen/Lippe;Erwachsene;1. Bezirksklasse Erwachsene;1. Bezirksklasse 1 Erwachsene;WTTV;Ostwestfalen/Lippe;42635;TTG Lemgo e.V.;Erwachsene;4;2;0;0;0;0;0;0;0;0;0;0;0;0;
WTTV;2026/27;Bezirk Ostwestfalen/Lippe 2026/27;Ostwestfalen/Lippe;Erwachsene;1. Bezirksklasse Erwachsene;1. Bezirksklasse 1 Erwachsene;WTTV;Ostwestfalen/Lippe;42618;VfL Lüerdissen;Erwachsene;2;3;0;0;0;0;0;0;0;0;0;0;0;0;
WTTV;2026/27;Bezirk Ostwestfalen/Lippe 2026/27;Ostwestfalen/Lippe;Erwachsene;1. Bezirksklasse Erwachsene;1. Bezirksklasse 1 Erwachsene;WTTV;Ostwestfalen/Lippe;42614;TTV Lage e.V.;Erwachsene;4;4;0;0;0;0;0;0;0;0;0;0;0;0;
WTTV;2026/27;Bezirk Ostwestfalen/Lippe 2026/27;Ostwestfalen/Lippe;Erwachsene;1. Bezirksklasse Erwachsene;1. Bezirksklasse 1 Erwachsene;WTTV;Ostwestfalen/Lippe;42621;TSV Bentrup-Lossbruch;Erwachsene;2;5;0;0;0;0;0;0;0;0;0;0;0;0;
WTTV;2026/27;Bezirk Ostwestfalen/Lippe 2026/27;Ostwestfalen/Lippe;Erwachsene;1. Bezirksklasse Erwachsene;1. Bezirksklasse 1 Erwachsene;WTTV;Ostwestfalen/Lippe;42619;TuS Bega 09;Erwachsene;2;6;0;0;0;0;0;0;0;0;0;0;0;0;
WTTV;2026/27;Bezirk Ostwestfalen/Lippe 2026/27;Ostwestfalen/Lippe;Erwachsene;1. Bezirksklasse Erwachsene;1. Bezirksklasse 1 Erwachsene;WTTV;Ostwestfalen/Lippe;42625;SV Bavenhausen;Erwachsene;2;7;0;0;0;0;0;0;0;0;0;0;0;0;
WTTV;2026/27;Bezirk Ostwestfalen/Lippe 2026/27;Ostwestfalen/Lippe;Erwachsene;1. Bezirksklasse Erwachsene;1. Bezirksklasse 1 Erwachsene;WTTV;Ostwestfalen/Lippe;42627;TTV BW Silixen;Erwachsene;1;8;0;0;0;0;0;0;0;0;0;0;0;0;
WTTV;2026/27;Bezirk Ostwestfalen/Lippe 2026/27;Ostwestfalen/Lippe;Erwachsene;1. Bezirksklasse Erwachsene;1. Bezirksklasse 1 Erwachsene;WTTV;Ostwestfalen/Lippe;42605;PSG Bad Salzuflen;Erwachsene;2;9;0;0;0;0;0;0;0;0;0;0;0;0;
WTTV;2026/27;Bezirk Ostwestfalen/Lippe 2026/27;Ostwestfalen/Lippe;Erwachsene;1. Bezirksklasse Erwachsene;1. Bezirksklasse 1 Erwachsene;WTTV;Ostwestfalen/Lippe;42614;TTV Lage e.V.;Erwachsene;5;10;0;0;0;0;0;0;0;0;0;0;0;0;
WTTV;2026/27;Bezirk Ostwestfalen/Lippe 2026/27;Ostwestfalen/Lippe;Erwachsene;1. Bezirksklasse Erwachsene;1. Bezirksklasse 1 Erwachsene;WTTV;Ostwestfalen/Lippe;42623;TuS Ahmsen;Erwachsene;1;11;0;0;0;0;0;0;0;0;0;0;0;0;
WTTV;2026/27;Bezirk Ostwestfalen/Lippe 2026/27;Ostwestfalen/Lippe;Erwachsene;1. Bezirksklasse Erwachsene;1. Bezirksklasse 1 Erwachsene;WTTV;Ostwestfalen/Lippe;42603;TTSG Erder;Erwachsene;2;12;0;0;0;0;0;0;0;0;0;0;0;0;
WTTV;2026/27;Bezirk Ostwestfalen/Lippe 2026/27;Ostwestfalen/Lippe;Erwachsene;1. Bezirksklasse Erwachsene;1. Bezirksklasse 2 Erwachsene;WTTV;Ostwestfalen/Lippe;42607;TTV Horn-Bad Meinberg e.V.;Erwachsene;1;1;0;0;0;0;0;0;0;0;0;0;0;0;
WTTV;2026/27;Bezirk Ostwestfalen/Lippe 2026/27;Ostwestfalen/Lippe;Erwachsene;1. Bezirksklasse Erwachsene;1. Bezirksklasse 2 Erwachsene;WTTV;Ostwestfalen/Lippe;42626;TSV Elbrinxen 09;Erwachsene;1;2;0;0;0;0;0;0;0;0;0;0;0;0;
WTTV;2026/27;Bezirk Ostwestfalen/Lippe 2026/27;Ostwestfalen/Lippe;Erwachsene;1. Bezirksklasse Erwachsene;1. Bezirksklasse 2 Erwachsene;WTTV;Ostwestfalen/Lippe;42608;TSV Eintracht Belle;Erwachsene;4;3;0;0;0;0;0;0;0;0;0;0;0;0;
WTTV;2026/27;Bezirk Ostwestfalen/Lippe 2026/27;Ostwestfalen/Lippe;Erwachsene;1. Bezirksklasse Erwachsene;1. Bezirksklasse 2 Erwachsene;WTTV;Ostwestfalen/Lippe;42634;Sportfreunde Berlebeck-Heiligenkirchen e.V.;Erwachsene;1;4;0;0;0;0;0;0;0;0;0;0;0;0;
WTTV;2026/27;Bezirk Ostwestfalen/Lippe 2026/27;Ostwestfalen/Lippe;Erwachsene;1. Bezirksklasse Erwachsene;1. Bezirksklasse 2 Erwachsene;WTTV;Ostwestfalen/Lippe;42507;Sportverein 1930 Bergheim;Erwachsene;3;5;0;0;0;0;0;0;0;0;0;0;0;0;
WTTV;2026/27;Bezirk Ostwestfalen/Lippe 2026/27;Ostwestfalen/Lippe;Erwachsene;1. Bezirksklasse Erwachsene;1. Bezirksklasse 2 Erwachsene;WTTV;Ostwestfalen/Lippe;42631;SV Diestelbruch/Mosebeck;Erwachsene;1;6;0;0;0;0;0;0;0;0;0;0;0;0;
WTTV;2026/27;Bezirk Ostwestfalen/Lippe 2026/27;Ostwestfalen/Lippe;Erwachsene;1. Bezirksklasse Erwachsene;1. Bezirksklasse 2 Erwachsene;WTTV;Ostwestfalen/Lippe;42620;TuS Schieder-Schwalenberg e.V.;Erwachsene;2;7;0;0;0;0;0;0;0;0;0;0;0;0;
WTTV;2026/27;Bezirk Ostwestfalen/Lippe 2026/27;Ostwestfalen/Lippe;Erwachsene;1. Bezirksklasse Erwachsene;1. Bezirksklasse 2 Erwachsene;WTTV;Ostwestfalen/Lippe;42705;ESV TuS Altenbeken;Erwachsene;1;8;0;0;0;0;0;0;0;0;0;0;0;0;
WTTV;2026/27;Bezirk Ostwestfalen/Lippe 2026/27;Ostwestfalen/Lippe;Erwachsene;1. Bezirksklasse Erwachsene;1. Bezirksklasse 2 Erwachsene;WTTV;Ostwestfalen/Lippe;42604;TTS Detmold e.V.;Erwachsene;3;9;0;0;0;0;0;0;0;0;0;0;0;0;
WTTV;2026/27;Bezirk Ostwestfalen/Lippe 2026/27;Ostwestfalen/Lippe;Erwachsene;1. Bezirksklasse Erwachsene;1. Bezirksklasse 2 Erwachsene;WTTV;Ostwestfalen/Lippe;42628;RSV Augustdorf;Erwachsene;1;10;0;0;0;0;0;0;0;0;0;0;0;0;
WTTV;2026/27;Bezirk Ostwestfalen/Lippe 2026/27;Ostwestfalen/Lippe;Erwachsene;1. Bezirksklasse Erwachsene;1. Bezirksklasse 3 Erwachsene;WTTV;Ostwestfalen/Lippe;42724;SV Rot-Weiß Alfen;Erwachsene;2;1;0;0;0;0;0;0;0;0;0;0;0;0;
WTTV;2026/27;Bezirk Ostwestfalen/Lippe 2026/27;Ostwestfalen/Lippe;Erwachsene;1. Bezirksklasse Erwachsene;1. Bezirksklasse 3 Erwachsene;WTTV;Ostwestfalen/Lippe;42706;SC GW Paderborn;Erwachsene;4;2;0;0;0;0;0;0;0;0;0;0;0;0;
WTTV;2026/27;Bezirk Ostwestfalen/Lippe 2026/27;Ostwestfalen/Lippe;Erwachsene;1. Bezirksklasse Erwachsene;1. Bezirksklasse 3 Erwachsene;WTTV;Ostwestfalen/Lippe;42713;SC BW Ostenland;Erwachsene;1;3;0;0;0;0;0;0;0;0;0;0;0;0;
WTTV;2026/27;Bezirk Ostwestfalen/Lippe 2026/27;Ostwestfalen/Lippe;Erwachsene;1. Bezirksklasse Erwachsene;1. Bezirksklasse 3 Erwachsene;WTTV;Ostwestfalen/Lippe;42712;TuRa Elsen;Erwachsene;7;4;0;0;0;0;0;0;0;0;0;0;0;0;
WTTV;2026/27;Bezirk Ostwestfalen/Lippe 2026/27;Ostwestfalen/Lippe;Erwachsene;1. Bezirksklasse Erwachsene;1. Bezirksklasse 3 Erwachsene;WTTV;Ostwestfalen/Lippe;42718;SV Heide Paderborn;Erwachsene;3;5;0;0;0;0;0;0;0;0;0;0;0;0;
WTTV;2026/27;Bezirk Ostwestfalen/Lippe 2026/27;Ostwestfalen/Lippe;Erwachsene;1. Bezirksklasse Erwachsene;1. Bezirksklasse 3 Erwachsene;WTTV;Ostwestfalen/Lippe;42714;SV BW Sande;Erwachsene;2;6;0;0;0;0;0;0;0;0;0;0;0;0;
WTTV;2026/27;Bezirk Ostwestfalen/Lippe 2026/27;Ostwestfalen/Lippe;Erwachsene;1. Bezirksklasse Erwachsene;1. Bezirksklasse 3 Erwachsene;WTTV;Ostwestfalen/Lippe;42726;TSV Schloß Neuhaus;Erwachsene;2;7;0;0;0;0;0;0;0;0;0;0;0;0;
WTTV;2026/27;Bezirk Ostwestfalen/Lippe 2026/27;Ostwestfalen/Lippe;Erwachsene;1. Bezirksklasse Erwachsene;1. Bezirksklasse 3 Erwachsene;WTTV;Ostwestfalen/Lippe;42708;SC Borchen;Erwachsene;2;8;0;0;0;0;0;0;0;0;0;0;0;0;
WTTV;2026/27;Bezirk Ostwestfalen/Lippe 2026/27;Ostwestfalen/Lippe;Erwachsene;1. Bezirksklasse Erwachsene;1. Bezirksklasse 3 Erwachsene;WTTV;Ostwestfalen/Lippe;42718;SV Heide Paderborn;Erwachsene;4;9;0;0;0;0;0;0;0;0;0;0;0;0;
WTTV;2026/27;Bezirk Ostwestfalen/Lippe 2026/27;Ostwestfalen/Lippe;Erwachsene;1. Bezirksklasse Erwachsene;1. Bezirksklasse 3 Erwachsene;WTTV;Ostwestfalen/Lippe;42704;TTV Hövelhof;Erwachsene;2;10;0;0;0;0;0;0;0;0;0;0;0;0;
WTTV;2026/27;Bezirk Ostwestfalen/Lippe 2026/27;Ostwestfalen/Lippe;Erwachsene;1. Bezirksklasse Erwachsene;1. Bezirksklasse 3 Erwachsene;WTTV;Ostwestfalen/Lippe;42723;SV Blau-Weiß Benhausen;Erwachsene;2;11;0;0;0;0;0;0;0;0;0;0;0;0;
WTTV;2026/27;Bezirk Ostwestfalen/Lippe 2026/27;Ostwestfalen/Lippe;Erwachsene;1. Bezirksklasse Erwachsene;1. Bezirksklasse 3 Erwachsene;WTTV;Ostwestfalen/Lippe;42711;TuS Bad Wünnenberg;Erwachsene;3;12;0;0;0;0;0;0;0;0;0;0;0;0;
WTTV;2026/27;Bezirk Ostwestfalen/Lippe 2026/27;Ostwestfalen/Lippe;Erwachsene;1. Bezirksklasse Erwachsene;1. Bezirksklasse 4 Erwachsene;WTTV;Ostwestfalen/Lippe;42505;Tischtennisverein Höxter;Erwachsene;3;1;0;0;0;0;0;0;0;0;0;0;0;0;
WTTV;2026/27;Bezirk Ostwestfalen/Lippe 2026/27;Ostwestfalen/Lippe;Erwachsene;1. Bezirksklasse Erwachsene;1. Bezirksklasse 4 Erwachsene;WTTV;Ostwestfalen/Lippe;42504;TTG Ikenhausen;Erwachsene;2;2;0;0;0;0;0;0;0;0;0;0;0;0;
WTTV;2026/27;Bezirk Ostwestfalen/Lippe 2026/27;Ostwestfalen/Lippe;Erwachsene;1. Bezirksklasse Erwachsene;1. Bezirksklasse 4 Erwachsene;WTTV;Ostwestfalen/Lippe;42801;TTC Diemeltal e.V.;Erwachsene;1;3;0;0;0;0;0;0;0;0;0;0;0;0;
WTTV;2026/27;Bezirk Ostwestfalen/Lippe 2026/27;Ostwestfalen/Lippe;Erwachsene;1. Bezirksklasse Erwachsene;1. Bezirksklasse 4 Erwachsene;WTTV;Ostwestfalen/Lippe;42521;SV Menne;Erwachsene;3;4;0;0;0;0;0;0;0;0;0;0;0;0;
WTTV;2026/27;Bezirk Ostwestfalen/Lippe 2026/27;Ostwestfalen/Lippe;Erwachsene;1. Bezirksklasse Erwachsene;1. Bezirksklasse 4 Erwachsene;WTTV;Ostwestfalen/Lippe;42503;TuS Bad Driburg;Erwachsene;3;5;0;0;0;0;0;0;0;0;0;0;0;0;
WTTV;2026/27;Bezirk Ostwestfalen/Lippe 2026/27;Ostwestfalen/Lippe;Erwachsene;1. Bezirksklasse Erwachsene;1. Bezirksklasse 4 Erwachsene;WTTV;Ostwestfalen/Lippe;42528;SV Bökendorf;Erwachsene;1;6;0;0;0;0;0;0;0;0;0;0;0;0;
WTTV;2026/27;Bezirk Ostwestfalen/Lippe 2026/27;Ostwestfalen/Lippe;Erwachsene;1. Bezirksklasse Erwachsene;1. Bezirksklasse 4 Erwachsene;WTTV;Ostwestfalen/Lippe;42511;Turnverein Riesel;Erwachsene;1;7;0;0;0;0;0;0;0;0;0;0;0;0;
WTTV;2026/27;Bezirk Ostwestfalen/Lippe 2026/27;Ostwestfalen/Lippe;Erwachsene;1. Bezirksklasse Erwachsene;1. Bezirksklasse 4 Erwachsene;WTTV;Ostwestfalen/Lippe;42501;DJK Adler Brakel;Erwachsene;3;8;0;0;0;0;0;0;0;0;0;0;0;0;
WTTV;2026/27;Bezirk Ostwestfalen/Lippe 2026/27;Ostwestfalen/Lippe;Erwachsene;1. Bezirksklasse Erwachsene;1. Bezirksklasse 4 Erwachsene;WTTV;Ostwestfalen/Lippe;42521;SV Menne;Erwachsene;2;9;0;0;0;0;0;0;0;0;0;0;0;0;
WTTV;2026/27;Bezirk Ostwestfalen/Lippe 2026/27;Ostwestfalen/Lippe;Erwachsene;1. Bezirksklasse Erwachsene;1. Bezirksklasse 4 Erwachsene;WTTV;Ostwestfalen/Lippe;42515;SSV Blau-Weiß Blankenau;Erwachsene;1;10;0;0;0;0;0;0;0;0;0;0;0;0;
WTTV;2026/27;Bezirk Ostwestfalen/Lippe 2026/27;Ostwestfalen/Lippe;Erwachsene;1. Bezirksklasse Erwachsene;1. Bezirksklasse 4 Erwachsene;WTTV;Ostwestfalen/Lippe;42522;TTV Grün-Weiß Daseburg;Erwachsene;2;11;0;0;0;0;0;0;0;0;0;0;0;0;
WTTV;2026/27;Bezirk Ostwestfalen/Lippe 2026/27;Ostwestfalen/Lippe;Erwachsene;1. Bezirksklasse Erwachsene;1. Bezirksklasse 4 Erwachsene;WTTV;Ostwestfalen/Lippe;42509;TuS RW Peckelsheim;Erwachsene;1;12;0;0;0;0;0;0;0;0;0;0;0;0;
WTTV;2026/27;Bezirk Ostwestfalen/Lippe 2026/27;Ostwestfalen/Lippe;Erwachsene;2. Bezirksklasse Erwachsene;2. Bezirksklasse 1 Erwachsene;WTTV;Ostwestfalen/Lippe;42612;TuS Bexterhagen;Erwachsene;3;1;0;0;0;0;0;0;0;0;0;0;0;0;
WTTV;2026/27;Bezirk Ostwestfalen/Lippe 2026/27;Ostwestfalen/Lippe;Erwachsene;2. Bezirksklasse Erwachsene;2. Bezirksklasse 1 Erwachsene;WTTV;Ostwestfalen/Lippe;42627;TTV BW Silixen;Erwachsene;2;2;0;0;0;0;0;0;0;0;0;0;0;0;
WTTV;2026/27;Bezirk Ostwestfalen/Lippe 2026/27;Ostwestfalen/Lippe;Erwachsene;2. Bezirksklasse Erwachsene;2. Bezirksklasse 1 Erwachsene;WTTV;Ostwestfalen/Lippe;42638;CVJM Hohenhausen e.V.;Erwachsene;1;3;0;0;0;0;0;0;0;0;0;0;0;0;
WTTV;2026/27;Bezirk Ostwestfalen/Lippe 2026/27;Ostwestfalen/Lippe;Erwachsene;2. Bezirksklasse Erwachsene;2. Bezirksklasse 1 Erwachsene;WTTV;Ostwestfalen/Lippe;42615;VfL Lieme;Erwachsene;1;4;0;0;0;0;0;0;0;0;0;0;0;0;
WTTV;2026/27;Bezirk Ostwestfalen/Lippe 2026/27;Ostwestfalen/Lippe;Erwachsene;2. Bezirksklasse Erwachsene;2. Bezirksklasse 1 Erwachsene;WTTV;Ostwestfalen/Lippe;42625;SV Bavenhausen;Erwachsene;3;5;0;0;0;0;0;0;0;0;0;0;0;0;
WTTV;2026/27;Bezirk Ostwestfalen/Lippe 2026/27;Ostwestfalen/Lippe;Erwachsene;2. Bezirksklasse Erwachsene;2. Bezirksklasse 1 Erwachsene;WTTV;Ostwestfalen/Lippe;42603;TTSG Erder;Erwachsene;3;6;0;0;0;0;0;0;0;0;0;0;0;0;
WTTV;2026/27;Bezirk Ostwestfalen/Lippe 2026/27;Ostwestfalen/Lippe;Erwachsene;2. Bezirksklasse Erwachsene;2. Bezirksklasse 1 Erwachsene;WTTV;Ostwestfalen/Lippe;42609;TTC Retzen;Erwachsene;1;7;0;0;0;0;0;0;0;0;0;0;0;0;
WTTV;2026/27;Bezirk Ostwestfalen/Lippe 2026/27;Ostwestfalen/Lippe;Erwachsene;2. Bezirksklasse Erwachsene;2. Bezirksklasse 1 Erwachsene;WTTV;Ostwestfalen/Lippe;42621;TSV Bentrup-Lossbruch;Erwachsene;3;8;0;0;0;0;0;0;0;0;0;0;0;0;
WTTV;2026/27;Bezirk Ostwestfalen/Lippe 2026/27;Ostwestfalen/Lippe;Erwachsene;2. Bezirksklasse Erwachsene;2. Bezirksklasse 1 Erwachsene;WTTV;Ostwestfalen/Lippe;42618;VfL Lüerdissen;Erwachsene;3;9;0;0;0;0;0;0;0;0;0;0;0;0;
WTTV;2026/27;Bezirk Ostwestfalen/Lippe 2026/27;Ostwestfalen/Lippe;Erwachsene;2. Bezirksklasse Erwachsene;2. Bezirksklasse 1 Erwachsene;WTTV;Ostwestfalen/Lippe;42601;TTC Schuckenbaum;Erwachsene;1;10;0;0;0;0;0;0;0;0;0;0;0;0;
WTTV;2026/27;Bezirk Ostwestfalen/Lippe 2026/27;Ostwestfalen/Lippe;Erwachsene;2. Bezirksklasse Erwachsene;2. Bezirksklasse 1 Erwachsene;WTTV;Ostwestfalen/Lippe;42605;PSG Bad Salzuflen;Erwachsene;3;11;0;0;0;0;0;0;0;0;0;0;0;0;
WTTV;2026/27;Bezirk Ostwestfalen/Lippe 2026/27;Ostwestfalen/Lippe;Erwachsene;2. Bezirksklasse Erwachsene;2. Bezirksklasse 1 Erwachsene;WTTV;Ostwestfalen/Lippe;42612;TuS Bexterhagen;Erwachsene;4;12;0;0;0;0;0;0;0;0;0;0;0;0;
WTTV;2026/27;Bezirk Ostwestfalen/Lippe 2026/27;Ostwestfalen/Lippe;Erwachsene;2. Bezirksklasse Erwachsene;2. Bezirksklasse 2 Erwachsene;WTTV;Ostwestfalen/Lippe;42629;TV Barntrup;Erwachsene;1;1;0;0;0;0;0;0;0;0;0;0;0;0;
WTTV;2026/27;Bezirk Ostwestfalen/Lippe 2026/27;Ostwestfalen/Lippe;Erwachsene;2. Bezirksklasse Erwachsene;2. Bezirksklasse 2 Erwachsene;WTTV;Ostwestfalen/Lippe;42631;SV Diestelbruch/Mosebeck;Erwachsene;2;2;0;0;0;0;0;0;0;0;0;0;0;0;
WTTV;2026/27;Bezirk Ostwestfalen/Lippe 2026/27;Ostwestfalen/Lippe;Erwachsene;2. Bezirksklasse Erwachsene;2. Bezirksklasse 2 Erwachsene;WTTV;Ostwestfalen/Lippe;42610;TuS Helpup;Erwachsene;4;3;0;0;0;0;0;0;0;0;0;0;0;0;
WTTV;2026/27;Bezirk Ostwestfalen/Lippe 2026/27;Ostwestfalen/Lippe;Erwachsene;2. Bezirksklasse Erwachsene;2. Bezirksklasse 2 Erwachsene;WTTV;Ostwestfalen/Lippe;42614;TTV Lage e.V.;Erwachsene;6;4;0;0;0;0;0;0;0;0;0;0;0;0;
WTTV;2026/27;Bezirk Ostwestfalen/Lippe 2026/27;Ostwestfalen/Lippe;Erwachsene;2. Bezirksklasse Erwachsene;2. Bezirksklasse 2 Erwachsene;WTTV;Ostwestfalen/Lippe;42606;RSV Hörste;Erwachsene;1;5;0;0;0;0;0;0;0;0;0;0;0;0;
WTTV;2026/27;Bezirk Ostwestfalen/Lippe 2026/27;Ostwestfalen/Lippe;Erwachsene;2. Bezirksklasse Erwachsene;2. Bezirksklasse 2 Erwachsene;WTTV;Ostwestfalen/Lippe;42617;VfL Hiddesen-Pivitsheide;Erwachsene;2;6;0;0;0;0;0;0;0;0;0;0;0;0;
WTTV;2026/27;Bezirk Ostwestfalen/Lippe 2026/27;Ostwestfalen/Lippe;Erwachsene;2. Bezirksklasse Erwachsene;2. Bezirksklasse 2 Erwachsene;WTTV;Ostwestfalen/Lippe;42632;CVJM Detmold;Erwachsene;1;7;0;0;0;0;0;0;0;0;0;0;0;0;
WTTV;2026/27;Bezirk Ostwestfalen/Lippe 2026/27;Ostwestfalen/Lippe;Erwachsene;2. Bezirksklasse Erwachsene;2. Bezirksklasse 2 Erwachsene;WTTV;Ostwestfalen/Lippe;42635;TTG Lemgo e.V.;Erwachsene;5;8;0;0;0;0;0;0;0;0;0;0;0;0;
WTTV;2026/27;Bezirk Ostwestfalen/Lippe 2026/27;Ostwestfalen/Lippe;Erwachsene;2. Bezirksklasse Erwachsene;2. Bezirksklasse 2 Erwachsene;WTTV;Ostwestfalen/Lippe;42633;VfL Schlangen;Erwachsene;1;9;0;0;0;0;0;0;0;0;0;0;0;0;
WTTV;2026/27;Bezirk Ostwestfalen/Lippe 2026/27;Ostwestfalen/Lippe;Erwachsene;2. Bezirksklasse Erwachsene;2. Bezirksklasse 2 Erwachsene;WTTV;Ostwestfalen/Lippe;42634;Sportfreunde Berlebeck-Heiligenkirchen e.V.;Erwachsene;2;10;0;0;0;0;0;0;0;0;0;0;0;0;
WTTV;2026/27;Bezirk Ostwestfalen/Lippe 2026/27;Ostwestfalen/Lippe;Erwachsene;2. Bezirksklasse Erwachsene;2. Bezirksklasse 2 Erwachsene;WTTV;Ostwestfalen/Lippe;42604;TTS Detmold e.V.;Erwachsene;4;11;0;0;0;0;0;0;0;0;0;0;0;0;
WTTV;2026/27;Bezirk Ostwestfalen/Lippe 2026/27;Ostwestfalen/Lippe;Erwachsene;2. Bezirksklasse Erwachsene;2. Bezirksklasse 2 Erwachsene;WTTV;Ostwestfalen/Lippe;42635;TTG Lemgo e.V.;Erwachsene;6;12;0;0;0;0;0;0;0;0;0;0;0;0;
WTTV;2026/27;Bezirk Ostwestfalen/Lippe 2026/27;Ostwestfalen/Lippe;Erwachsene;2. Bezirksklasse Erwachsene;2. Bezirksklasse 3 Erwachsene;WTTV;Ostwestfalen/Lippe;42716;SV Rot-Weiß Bentfeld;Erwachsene;3;1;0;0;0;0;0;0;0;0;0;0;0;0;
WTTV;2026/27;Bezirk Ostwestfalen/Lippe 2026/27;Ostwestfalen/Lippe;Erwachsene;2. Bezirksklasse Erwachsene;2. Bezirksklasse 3 Erwachsene;WTTV;Ostwestfalen/Lippe;42704;TTV Hövelhof;Erwachsene;3;2;0;0;0;0;0;0;0;0;0;0;0;0;
WTTV;2026/27;Bezirk Ostwestfalen/Lippe 2026/27;Ostwestfalen/Lippe;Erwachsene;2. Bezirksklasse Erwachsene;2. Bezirksklasse 3 Erwachsene;WTTV;Ostwestfalen/Lippe;42703;SC Wewer 2000;Erwachsene;2;3;0;0;0;0;0;0;0;0;0;0;0;0;
WTTV;2026/27;Bezirk Ostwestfalen/Lippe 2026/27;Ostwestfalen/Lippe;Erwachsene;2. Bezirksklasse Erwachsene;2. Bezirksklasse 3 Erwachsene;WTTV;Ostwestfalen/Lippe;42723;SV Blau-Weiß Benhausen;Erwachsene;3;4;0;0;0;0;0;0;0;0;0;0;0;0;
WTTV;2026/27;Bezirk Ostwestfalen/Lippe 2026/27;Ostwestfalen/Lippe;Erwachsene;2. Bezirksklasse Erwachsene;2. Bezirksklasse 3 Erwachsene;WTTV;Ostwestfalen/Lippe;42706;SC GW Paderborn;Erwachsene;6;5;0;0;0;0;0;0;0;0;0;0;0;0;
WTTV;2026/27;Bezirk Ostwestfalen/Lippe 2026/27;Ostwestfalen/Lippe;Erwachsene;2. Bezirksklasse Erwachsene;2. Bezirksklasse 3 Erwachsene;WTTV;Ostwestfalen/Lippe;42702;TTV Salzkotten;Erwachsene;3;6;0;0;0;0;0;0;0;0;0;0;0;0;
WTTV;2026/27;Bezirk Ostwestfalen/Lippe 2026/27;Ostwestfalen/Lippe;Erwachsene;2. Bezirksklasse Erwachsene;2. Bezirksklasse 3 Erwachsene;WTTV;Ostwestfalen/Lippe;42722;DJK Graf Sporck 1920 e.V. Delbrück;Erwachsene;2;7;0;0;0;0;0;0;0;0;0;0;0;0;
WTTV;2026/27;Bezirk Ostwestfalen/Lippe 2026/27;Ostwestfalen/Lippe;Erwachsene;2. Bezirksklasse Erwachsene;2. Bezirksklasse 3 Erwachsene;WTTV;Ostwestfalen/Lippe;42706;SC GW Paderborn;Erwachsene;7;8;0;0;0;0;0;0;0;0;0;0;0;0;
WTTV;2026/27;Bezirk Ostwestfalen/Lippe 2026/27;Ostwestfalen/Lippe;Erwachsene;2. Bezirksklasse Erwachsene;2. Bezirksklasse 3 Erwachsene;WTTV;Ostwestfalen/Lippe;42713;SC BW Ostenland;Erwachsene;2;9;0;0;0;0;0;0;0;0;0;0;0;0;
WTTV;2026/27;Bezirk Ostwestfalen/Lippe 2026/27;Ostwestfalen/Lippe;Erwachsene;2. Bezirksklasse Erwachsene;2. Bezirksklasse 3 Erwachsene;WTTV;Ostwestfalen/Lippe;42725;VfL Lichtenau;Erwachsene;1;10;0;0;0;0;0;0;0;0;0;0;0;0;
WTTV;2026/27;Bezirk Ostwestfalen/Lippe 2026/27;Ostwestfalen/Lippe;Erwachsene;2. Bezirksklasse Erwachsene;2. Bezirksklasse 3 Erwachsene;WTTV;Ostwestfalen/Lippe;42718;SV Heide Paderborn;Erwachsene;5;11;0;0;0;0;0;0;0;0;0;0;0;0;
WTTV;2026/27;Bezirk Ostwestfalen/Lippe 2026/27;Ostwestfalen/Lippe;Erwachsene;2. Bezirksklasse Erwachsene;2. Bezirksklasse 3 Erwachsene;WTTV;Ostwestfalen/Lippe;42714;SV BW Sande;Erwachsene;3;12;0;0;0;0;0;0;0;0;0;0;0;0;
WTTV;2026/27;Bezirk Ostwestfalen/Lippe 2026/27;Ostwestfalen/Lippe;Erwachsene;2. Bezirksklasse Erwachsene;2. Bezirksklasse 4 Erwachsene;WTTV;Ostwestfalen/Lippe;42709;TTC Paderborn e.V.;Erwachsene;3;1;0;0;0;0;0;0;0;0;0;0;0;0;
WTTV;2026/27;Bezirk Ostwestfalen/Lippe 2026/27;Ostwestfalen/Lippe;Erwachsene;2. Bezirksklasse Erwachsene;2. Bezirksklasse 4 Erwachsene;WTTV;Ostwestfalen/Lippe;42708;SC Borchen;Erwachsene;3;2;0;0;0;0;0;0;0;0;0;0;0;0;
WTTV;2026/27;Bezirk Ostwestfalen/Lippe 2026/27;Ostwestfalen/Lippe;Erwachsene;2. Bezirksklasse Erwachsene;2. Bezirksklasse 4 Erwachsene;WTTV;Ostwestfalen/Lippe;42720;SC Concordia 1919 Scharmede e.V.;Erwachsene;2;3;0;0;0;0;0;0;0;0;0;0;0;0;
WTTV;2026/27;Bezirk Ostwestfalen/Lippe 2026/27;Ostwestfalen/Lippe;Erwachsene;2. Bezirksklasse Erwachsene;2. Bezirksklasse 4 Erwachsene;WTTV;Ostwestfalen/Lippe;42711;TuS Bad Wünnenberg;Erwachsene;4;4;0;0;0;0;0;0;0;0;0;0;0;0;
WTTV;2026/27;Bezirk Ostwestfalen/Lippe 2026/27;Ostwestfalen/Lippe;Erwachsene;2. Bezirksklasse Erwachsene;2. Bezirksklasse 4 Erwachsene;WTTV;Ostwestfalen/Lippe;42719;SV BW Etteln;Erwachsene;2;5;0;0;0;0;0;0;0;0;0;0;0;0;
WTTV;2026/27;Bezirk Ostwestfalen/Lippe 2026/27;Ostwestfalen/Lippe;Erwachsene;2. Bezirksklasse Erwachsene;2. Bezirksklasse 4 Erwachsene;WTTV;Ostwestfalen/Lippe;42716;SV Rot-Weiß Bentfeld;Erwachsene;2;6;0;0;0;0;0;0;0;0;0;0;0;0;
WTTV;2026/27;Bezirk Ostwestfalen/Lippe 2026/27;Ostwestfalen/Lippe;Erwachsene;2. Bezirksklasse Erwachsene;2. Bezirksklasse 4 Erwachsene;WTTV;Ostwestfalen/Lippe;42721;SuS Boke 1924 e.V.;Erwachsene;1;7;0;0;0;0;0;0;0;0;0;0;0;0;
WTTV;2026/27;Bezirk Ostwestfalen/Lippe 2026/27;Ostwestfalen/Lippe;Erwachsene;2. Bezirksklasse Erwachsene;2. Bezirksklasse 4 Erwachsene;WTTV;Ostwestfalen/Lippe;42724;SV Rot-Weiß Alfen;Erwachsene;3;8;0;0;0;0;0;0;0;0;0;0;0;0;
WTTV;2026/27;Bezirk Ostwestfalen/Lippe 2026/27;Ostwestfalen/Lippe;Erwachsene;2. Bezirksklasse Erwachsene;2. Bezirksklasse 4 Erwachsene;WTTV;Ostwestfalen/Lippe;42722;DJK Graf Sporck 1920 e.V. Delbrück;Erwachsene;3;9;0;0;0;0;0;0;0;0;0;0;0;0;
WTTV;2026/27;Bezirk Ostwestfalen/Lippe 2026/27;Ostwestfalen/Lippe;Erwachsene;2. Bezirksklasse Erwachsene;2. Bezirksklasse 4 Erwachsene;WTTV;Ostwestfalen/Lippe;42717;TuS Wewelsburg;Erwachsene;1;10;0;0;0;0;0;0;0;0;0;0;0;0;
WTTV;2026/27;Bezirk Ostwestfalen/Lippe 2026/27;Ostwestfalen/Lippe;Erwachsene;2. Bezirksklasse Erwachsene;2. Bezirksklasse 4 Erwachsene;WTTV;Ostwestfalen/Lippe;42706;SC GW Paderborn;Erwachsene;5;11;0;0;0;0;0;0;0;0;0;0;0;0;
WTTV;2026/27;Bezirk Ostwestfalen/Lippe 2026/27;Ostwestfalen/Lippe;Erwachsene;2. Bezirksklasse Erwachsene;2. Bezirksklasse 4 Erwachsene;WTTV;Ostwestfalen/Lippe;42802;BV 23 Alme e.V.;Erwachsene;1;12;0;0;0;0;0;0;0;0;0;0;0;0;
WTTV;2026/27;Bezirk Ostwestfalen/Lippe 2026/27;Ostwestfalen/Lippe;Erwachsene;2. Bezirksklasse Erwachsene;2. Bezirksklasse 5 Erwachsene;WTTV;Ostwestfalen/Lippe;42505;Tischtennisverein Höxter;Erwachsene;4;1;0;0;0;0;0;0;0;0;0;0;0;0;
WTTV;2026/27;Bezirk Ostwestfalen/Lippe 2026/27;Ostwestfalen/Lippe;Erwachsene;2. Bezirksklasse Erwachsene;2. Bezirksklasse 5 Erwachsene;WTTV;Ostwestfalen/Lippe;42501;DJK Adler Brakel;Erwachsene;4;2;0;0;0;0;0;0;0;0;0;0;0;0;
WTTV;2026/27;Bezirk Ostwestfalen/Lippe 2026/27;Ostwestfalen/Lippe;Erwachsene;2. Bezirksklasse Erwachsene;2. Bezirksklasse 5 Erwachsene;WTTV;Ostwestfalen/Lippe;42620;TuS Schieder-Schwalenberg e.V.;Erwachsene;3;3;0;0;0;0;0;0;0;0;0;0;0;0;
WTTV;2026/27;Bezirk Ostwestfalen/Lippe 2026/27;Ostwestfalen/Lippe;Erwachsene;2. Bezirksklasse Erwachsene;2. Bezirksklasse 5 Erwachsene;WTTV;Ostwestfalen/Lippe;42528;SV Bökendorf;Erwachsene;2;4;0;0;0;0;0;0;0;0;0;0;0;0;
WTTV;2026/27;Bezirk Ostwestfalen/Lippe 2026/27;Ostwestfalen/Lippe;Erwachsene;2. Bezirksklasse Erwachsene;2. Bezirksklasse 5 Erwachsene;WTTV;Ostwestfalen/Lippe;42527;FC Stahle 30 e.V.;Erwachsene;1;5;0;0;0;0;0;0;0;0;0;0;0;0;
WTTV;2026/27;Bezirk Ostwestfalen/Lippe 2026/27;Ostwestfalen/Lippe;Erwachsene;2. Bezirksklasse Erwachsene;2. Bezirksklasse 5 Erwachsene;WTTV;Ostwestfalen/Lippe;42503;TuS Bad Driburg;Erwachsene;4;6;0;0;0;0;0;0;0;0;0;0;0;0;
WTTV;2026/27;Bezirk Ostwestfalen/Lippe 2026/27;Ostwestfalen/Lippe;Erwachsene;2. Bezirksklasse Erwachsene;2. Bezirksklasse 5 Erwachsene;WTTV;Ostwestfalen/Lippe;42514;TTC Grevenhagen;Erwachsene;1;7;0;0;0;0;0;0;0;0;0;0;0;0;
WTTV;2026/27;Bezirk Ostwestfalen/Lippe 2026/27;Ostwestfalen/Lippe;Erwachsene;2. Bezirksklasse Erwachsene;2. Bezirksklasse 5 Erwachsene;WTTV;Ostwestfalen/Lippe;42626;TSV Elbrinxen 09;Erwachsene;2;8;0;0;0;0;0;0;0;0;0;0;0;0;
WTTV;2026/27;Bezirk Ostwestfalen/Lippe 2026/27;Ostwestfalen/Lippe;Erwachsene;2. Bezirksklasse Erwachsene;2. Bezirksklasse 5 Erwachsene;WTTV;Ostwestfalen/Lippe;42608;TSV Eintracht Belle;Erwachsene;5;9;0;0;0;0;0;0;0;0;0;0;0;0;
WTTV;2026/27;Bezirk Ostwestfalen/Lippe 2026/27;Ostwestfalen/Lippe;Erwachsene;2. Bezirksklasse Erwachsene;2. Bezirksklasse 5 Erwachsene;WTTV;Ostwestfalen/Lippe;42607;TTV Horn-Bad Meinberg e.V.;Erwachsene;2;10;0;0;0;0;0;0;0;0;0;0;0;0;
WTTV;2026/27;Bezirk Ostwestfalen/Lippe 2026/27;Ostwestfalen/Lippe;Erwachsene;2. Bezirksklasse Erwachsene;2. Bezirksklasse 5 Erwachsene;WTTV;Ostwestfalen/Lippe;42507;Sportverein 1930 Bergheim;Erwachsene;4;11;0;0;0;0;0;0;0;0;0;0;0;0;
WTTV;2026/27;Bezirk Ostwestfalen/Lippe 2026/27;Ostwestfalen/Lippe;Erwachsene;2. Bezirksklasse Erwachsene;2. Bezirksklasse 5 Erwachsene;WTTV;Ostwestfalen/Lippe;42512;SV Vörden;Erwachsene;3;12;0;0;0;0;0;0;0;0;0;0;0;0;
WTTV;2026/27;Bezirk Ostwestfalen/Lippe 2026/27;Ostwestfalen/Lippe;Erwachsene;2. Bezirksklasse Erwachsene;2. Bezirksklasse 6 Erwachsene;WTTV;Ostwestfalen/Lippe;42518;FC Bühne 1929;Erwachsene;3;1;0;0;0;0;0;0;0;0;0;0;0;0;
WTTV;2026/27;Bezirk Ostwestfalen/Lippe 2026/27;Ostwestfalen/Lippe;Erwachsene;2. Bezirksklasse Erwachsene;2. Bezirksklasse 6 Erwachsene;WTTV;Ostwestfalen/Lippe;42520;TTV Warburg;Erwachsene;2;2;0;0;0;0;0;0;0;0;0;0;0;0;
WTTV;2026/27;Bezirk Ostwestfalen/Lippe 2026/27;Ostwestfalen/Lippe;Erwachsene;2. Bezirksklasse Erwachsene;2. Bezirksklasse 6 Erwachsene;WTTV;Ostwestfalen/Lippe;42516;TTC Fortuna Frohnhausen;Erwachsene;1;3;0;0;0;0;0;0;0;0;0;0;0;0;
WTTV;2026/27;Bezirk Ostwestfalen/Lippe 2026/27;Ostwestfalen/Lippe;Erwachsene;2. Bezirksklasse Erwachsene;2. Bezirksklasse 6 Erwachsene;WTTV;Ostwestfalen/Lippe;42519;Westfalia 03 Scherfede-Rimbeck;Erwachsene;1;4;0;0;0;0;0;0;0;0;0;0;0;0;
WTTV;2026/27;Bezirk Ostwestfalen/Lippe 2026/27;Ostwestfalen/Lippe;Erwachsene;2. Bezirksklasse Erwachsene;2. Bezirksklasse 6 Erwachsene;WTTV;Ostwestfalen/Lippe;42511;Turnverein Riesel;Erwachsene;2;5;0;0;0;0;0;0;0;0;0;0;0;0;
WTTV;2026/27;Bezirk Ostwestfalen/Lippe 2026/27;Ostwestfalen/Lippe;Erwachsene;2. Bezirksklasse Erwachsene;2. Bezirksklasse 6 Erwachsene;WTTV;Ostwestfalen/Lippe;42524;TTC Borgentreich;Erwachsene;2;6;0;0;0;0;0;0;0;0;0;0;0;0;
WTTV;2026/27;Bezirk Ostwestfalen/Lippe 2026/27;Ostwestfalen/Lippe;Erwachsene;2. Bezirksklasse Erwachsene;2. Bezirksklasse 6 Erwachsene;WTTV;Ostwestfalen/Lippe;42504;TTG Ikenhausen;Erwachsene;3;7;0;0;0;0;0;0;0;0;0;0;0;0;
WTTV;2026/27;Bezirk Ostwestfalen/Lippe 2026/27;Ostwestfalen/Lippe;Erwachsene;2. Bezirksklasse Erwachsene;2. Bezirksklasse 6 Erwachsene;WTTV;Ostwestfalen/Lippe;42521;SV Menne;Erwachsene;4;8;0;0;0;0;0;0;0;0;0;0;0;0;
WTTV;2026/27;Bezirk Ostwestfalen/Lippe 2026/27;Ostwestfalen/Lippe;Erwachsene;2. Bezirksklasse Erwachsene;2. Bezirksklasse 6 Erwachsene;WTTV;Ostwestfalen/Lippe;42502;TTV Borgholz;Erwachsene;2;9;0;0;0;0;0;0;0;0;0;0;0;0;
WTTV;2026/27;Bezirk Ostwestfalen/Lippe 2026/27;Ostwestfalen/Lippe;Erwachsene;2. Bezirksklasse Erwachsene;2. Bezirksklasse 6 Erwachsene;WTTV;Ostwestfalen/Lippe;42520;TTV Warburg;Erwachsene;3;10;0;0;0;0;0;0;0;0;0;0;0;0;
WTTV;2026/27;Bezirk Ostwestfalen/Lippe 2026/27;Ostwestfalen/Lippe;Erwachsene;3. Bezirksklasse Erwachsene;3. Bezirksklasse 1 Erwachsene;WTTV;Ostwestfalen/Lippe;42625;SV Bavenhausen;Erwachsene;4;1;0;0;0;0;0;0;0;0;0;0;0;0;
WTTV;2026/27;Bezirk Ostwestfalen/Lippe 2026/27;Ostwestfalen/Lippe;Erwachsene;3. Bezirksklasse Erwachsene;3. Bezirksklasse 1 Erwachsene;WTTV;Ostwestfalen/Lippe;42638;CVJM Hohenhausen e.V.;Erwachsene;2;2;0;0;0;0;0;0;0;0;0;0;0;0;
WTTV;2026/27;Bezirk Ostwestfalen/Lippe 2026/27;Ostwestfalen/Lippe;Erwachsene;3. Bezirksklasse Erwachsene;3. Bezirksklasse 1 Erwachsene;WTTV;Ostwestfalen/Lippe;42612;TuS Bexterhagen;Erwachsene;5;3;0;0;0;0;0;0;0;0;0;0;0;0;
WTTV;2026/27;Bezirk Ostwestfalen/Lippe 2026/27;Ostwestfalen/Lippe;Erwachsene;3. Bezirksklasse Erwachsene;3. Bezirksklasse 1 Erwachsene;WTTV;Ostwestfalen/Lippe;42614;TTV Lage e.V.;Erwachsene;7;4;0;0;0;0;0;0;0;0;0;0;0;0;
WTTV;2026/27;Bezirk Ostwestfalen/Lippe 2026/27;Ostwestfalen/Lippe;Erwachsene;3. Bezirksklasse Erwachsene;3. Bezirksklasse 1 Erwachsene;WTTV;Ostwestfalen/Lippe;42637;TuS Langenholzhausen;Erwachsene;2;5;0;0;0;0;0;0;0;0;0;0;0;0;
WTTV;2026/27;Bezirk Ostwestfalen/Lippe 2026/27;Ostwestfalen/Lippe;Erwachsene;3. Bezirksklasse Erwachsene;3. Bezirksklasse 1 Erwachsene;WTTV;Ostwestfalen/Lippe;42603;TTSG Erder;Erwachsene;4;6;0;0;0;0;0;0;0;0;0;0;0;0;
WTTV;2026/27;Bezirk Ostwestfalen/Lippe 2026/27;Ostwestfalen/Lippe;Erwachsene;3. Bezirksklasse Erwachsene;3. Bezirksklasse 1 Erwachsene;WTTV;Ostwestfalen/Lippe;42603;TTSG Erder;Erwachsene;5;7;0;0;0;0;0;0;0;0;0;0;0;0;
WTTV;2026/27;Bezirk Ostwestfalen/Lippe 2026/27;Ostwestfalen/Lippe;Erwachsene;3. Bezirksklasse Erwachsene;3. Bezirksklasse 1 Erwachsene;WTTV;Ostwestfalen/Lippe;42627;TTV BW Silixen;Erwachsene;3;8;0;0;0;0;0;0;0;0;0;0;0;0;
WTTV;2026/27;Bezirk Ostwestfalen/Lippe 2026/27;Ostwestfalen/Lippe;Erwachsene;3. Bezirksklasse Erwachsene;3. Bezirksklasse 1 Erwachsene;WTTV;Ostwestfalen/Lippe;42610;TuS Helpup;Erwachsene;5;9;0;0;0;0;0;0;0;0;0;0;0;0;
WTTV;2026/27;Bezirk Ostwestfalen/Lippe 2026/27;Ostwestfalen/Lippe;Erwachsene;3. Bezirksklasse Erwachsene;3. Bezirksklasse 1 Erwachsene;WTTV;Ostwestfalen/Lippe;42615;VfL Lieme;Erwachsene;2;10;0;0;0;0;0;0;0;0;0;0;0;0;
WTTV;2026/27;Bezirk Ostwestfalen/Lippe 2026/27;Ostwestfalen/Lippe;Erwachsene;3. Bezirksklasse Erwachsene;3. Bezirksklasse 1 Erwachsene;WTTV;Ostwestfalen/Lippe;42635;TTG Lemgo e.V.;Erwachsene;8;11;0;0;0;0;0;0;0;0;0;0;0;0;
WTTV;2026/27;Bezirk Ostwestfalen/Lippe 2026/27;Ostwestfalen/Lippe;Erwachsene;3. Bezirksklasse Erwachsene;3. Bezirksklasse 2 Erwachsene;WTTV;Ostwestfalen/Lippe;42609;TTC Retzen;Erwachsene;2;1;0;0;0;0;0;0;0;0;0;0;0;0;
WTTV;2026/27;Bezirk Ostwestfalen/Lippe 2026/27;Ostwestfalen/Lippe;Erwachsene;3. Bezirksklasse Erwachsene;3. Bezirksklasse 2 Erwachsene;WTTV;Ostwestfalen/Lippe;42623;TuS Ahmsen;Erwachsene;2;2;0;0;0;0;0;0;0;0;0;0;0;0;
WTTV;2026/27;Bezirk Ostwestfalen/Lippe 2026/27;Ostwestfalen/Lippe;Erwachsene;3. Bezirksklasse Erwachsene;3. Bezirksklasse 2 Erwachsene;WTTV;Ostwestfalen/Lippe;42618;VfL Lüerdissen;Erwachsene;4;3;0;0;0;0;0;0;0;0;0;0;0;0;
WTTV;2026/27;Bezirk Ostwestfalen/Lippe 2026/27;Ostwestfalen/Lippe;Erwachsene;3. Bezirksklasse Erwachsene;3. Bezirksklasse 2 Erwachsene;WTTV;Ostwestfalen/Lippe;42601;TTC Schuckenbaum;Erwachsene;2;4;0;0;0;0;0;0;0;0;0;0;0;0;
WTTV;2026/27;Bezirk Ostwestfalen/Lippe 2026/27;Ostwestfalen/Lippe;Erwachsene;3. Bezirksklasse Erwachsene;3. Bezirksklasse 2 Erwachsene;WTTV;Ostwestfalen/Lippe;42635;TTG Lemgo e.V.;Erwachsene;9;5;0;0;0;0;0;0;0;0;0;0;0;0;
WTTV;2026/27;Bezirk Ostwestfalen/Lippe 2026/27;Ostwestfalen/Lippe;Erwachsene;3. Bezirksklasse Erwachsene;3. Bezirksklasse 2 Erwachsene;WTTV;Ostwestfalen/Lippe;42635;TTG Lemgo e.V.;Erwachsene;7;6;0;0;0;0;0;0;0;0;0;0;0;0;
WTTV;2026/27;Bezirk Ostwestfalen/Lippe 2026/27;Ostwestfalen/Lippe;Erwachsene;3. Bezirksklasse Erwachsene;3. Bezirksklasse 2 Erwachsene;WTTV;Ostwestfalen/Lippe;42614;TTV Lage e.V.;Erwachsene;8;7;0;0;0;0;0;0;0;0;0;0;0;0;
WTTV;2026/27;Bezirk Ostwestfalen/Lippe 2026/27;Ostwestfalen/Lippe;Erwachsene;3. Bezirksklasse Erwachsene;3. Bezirksklasse 2 Erwachsene;WTTV;Ostwestfalen/Lippe;42605;PSG Bad Salzuflen;Erwachsene;4;8;0;0;0;0;0;0;0;0;0;0;0;0;
WTTV;2026/27;Bezirk Ostwestfalen/Lippe 2026/27;Ostwestfalen/Lippe;Erwachsene;3. Bezirksklasse Erwachsene;3. Bezirksklasse 2 Erwachsene;WTTV;Ostwestfalen/Lippe;42606;RSV Hörste;Erwachsene;2;9;0;0;0;0;0;0;0;0;0;0;0;0;
WTTV;2026/27;Bezirk Ostwestfalen/Lippe 2026/27;Ostwestfalen/Lippe;Erwachsene;3. Bezirksklasse Erwachsene;3. Bezirksklasse 2 Erwachsene;WTTV;Ostwestfalen/Lippe;42632;CVJM Detmold;Erwachsene;2;10;0;0;0;0;0;0;0;0;0;0;0;0;
WTTV;2026/27;Bezirk Ostwestfalen/Lippe 2026/27;Ostwestfalen/Lippe;Erwachsene;3. Bezirksklasse Erwachsene;3. Bezirksklasse 3 Erwachsene;WTTV;Ostwestfalen/Lippe;42633;VfL Schlangen;Erwachsene;2;1;0;0;0;0;0;0;0;0;0;0;0;0;
WTTV;2026/27;Bezirk Ostwestfalen/Lippe 2026/27;Ostwestfalen/Lippe;Erwachsene;3. Bezirksklasse Erwachsene;3. Bezirksklasse 3 Erwachsene;WTTV;Ostwestfalen/Lippe;42636;Sportfreunde Oesterholz-Kohlstädt e.V.;Erwachsene;1;2;0;0;0;0;0;0;0;0;0;0;0;0;
WTTV;2026/27;Bezirk Ostwestfalen/Lippe 2026/27;Ostwestfalen/Lippe;Erwachsene;3. Bezirksklasse Erwachsene;3. Bezirksklasse 3 Erwachsene;WTTV;Ostwestfalen/Lippe;42608;TSV Eintracht Belle;Erwachsene;6;3;0;0;0;0;0;0;0;0;0;0;0;0;
WTTV;2026/27;Bezirk Ostwestfalen/Lippe 2026/27;Ostwestfalen/Lippe;Erwachsene;3. Bezirksklasse Erwachsene;3. Bezirksklasse 3 Erwachsene;WTTV;Ostwestfalen/Lippe;42634;Sportfreunde Berlebeck-Heiligenkirchen e.V.;Erwachsene;4;4;0;0;0;0;0;0;0;0;0;0;0;0;
WTTV;2026/27;Bezirk Ostwestfalen/Lippe 2026/27;Ostwestfalen/Lippe;Erwachsene;3. Bezirksklasse Erwachsene;3. Bezirksklasse 3 Erwachsene;WTTV;Ostwestfalen/Lippe;42607;TTV Horn-Bad Meinberg e.V.;Erwachsene;3;5;0;0;0;0;0;0;0;0;0;0;0;0;
WTTV;2026/27;Bezirk Ostwestfalen/Lippe 2026/27;Ostwestfalen/Lippe;Erwachsene;3. Bezirksklasse Erwachsene;3. Bezirksklasse 3 Erwachsene;WTTV;Ostwestfalen/Lippe;42710;TTC Bad Lippspringe;Erwachsene;2;6;0;0;0;0;0;0;0;0;0;0;0;0;
WTTV;2026/27;Bezirk Ostwestfalen/Lippe 2026/27;Ostwestfalen/Lippe;Erwachsene;3. Bezirksklasse Erwachsene;3. Bezirksklasse 3 Erwachsene;WTTV;Ostwestfalen/Lippe;42634;Sportfreunde Berlebeck-Heiligenkirchen e.V.;Erwachsene;3;7;0;0;0;0;0;0;0;0;0;0;0;0;
WTTV;2026/27;Bezirk Ostwestfalen/Lippe 2026/27;Ostwestfalen/Lippe;Erwachsene;3. Bezirksklasse Erwachsene;3. Bezirksklasse 3 Erwachsene;WTTV;Ostwestfalen/Lippe;42604;TTS Detmold e.V.;Erwachsene;5;8;0;0;0;0;0;0;0;0;0;0;0;0;
WTTV;2026/27;Bezirk Ostwestfalen/Lippe 2026/27;Ostwestfalen/Lippe;Erwachsene;3. Bezirksklasse Erwachsene;3. Bezirksklasse 3 Erwachsene;WTTV;Ostwestfalen/Lippe;42617;VfL Hiddesen-Pivitsheide;Erwachsene;3;9;0;0;0;0;0;0;0;0;0;0;0;0;
WTTV;2026/27;Bezirk Ostwestfalen/Lippe 2026/27;Ostwestfalen/Lippe;Erwachsene;3. Bezirksklasse Erwachsene;3. Bezirksklasse 4 Erwachsene;WTTV;Ostwestfalen/Lippe;42722;DJK Graf Sporck 1920 e.V. Delbrück;Erwachsene;4;1;0;0;0;0;0;0;0;0;0;0;0;0;
WTTV;2026/27;Bezirk Ostwestfalen/Lippe 2026/27;Ostwestfalen/Lippe;Erwachsene;3. Bezirksklasse Erwachsene;3. Bezirksklasse 4 Erwachsene;WTTV;Ostwestfalen/Lippe;42725;VfL Lichtenau;Erwachsene;2;2;0;0;0;0;0;0;0;0;0;0;0;0;
WTTV;2026/27;Bezirk Ostwestfalen/Lippe 2026/27;Ostwestfalen/Lippe;Erwachsene;3. Bezirksklasse Erwachsene;3. Bezirksklasse 4 Erwachsene;WTTV;Ostwestfalen/Lippe;42704;TTV Hövelhof;Erwachsene;4;3;0;0;0;0;0;0;0;0;0;0;0;0;
WTTV;2026/27;Bezirk Ostwestfalen/Lippe 2026/27;Ostwestfalen/Lippe;Erwachsene;3. Bezirksklasse Erwachsene;3. Bezirksklasse 4 Erwachsene;WTTV;Ostwestfalen/Lippe;42718;SV Heide Paderborn;Erwachsene;7;4;0;0;0;0;0;0;0;0;0;0;0;0;
WTTV;2026/27;Bezirk Ostwestfalen/Lippe 2026/27;Ostwestfalen/Lippe;Erwachsene;3. Bezirksklasse Erwachsene;3. Bezirksklasse 4 Erwachsene;WTTV;Ostwestfalen/Lippe;42714;SV BW Sande;Erwachsene;4;5;0;0;0;0;0;0;0;0;0;0;0;0;
WTTV;2026/27;Bezirk Ostwestfalen/Lippe 2026/27;Ostwestfalen/Lippe;Erwachsene;3. Bezirksklasse Erwachsene;3. Bezirksklasse 4 Erwachsene;WTTV;Ostwestfalen/Lippe;42726;TSV Schloß Neuhaus;Erwachsene;4;6;0;0;0;0;0;0;0;0;0;0;0;0;
WTTV;2026/27;Bezirk Ostwestfalen/Lippe 2026/27;Ostwestfalen/Lippe;Erwachsene;3. Bezirksklasse Erwachsene;3. Bezirksklasse 4 Erwachsene;WTTV;Ostwestfalen/Lippe;42708;SC Borchen;Erwachsene;4;7;0;0;0;0;0;0;0;0;0;0;0;0;
WTTV;2026/27;Bezirk Ostwestfalen/Lippe 2026/27;Ostwestfalen/Lippe;Erwachsene;3. Bezirksklasse Erwachsene;3. Bezirksklasse 4 Erwachsene;WTTV;Ostwestfalen/Lippe;42711;TuS Bad Wünnenberg;Erwachsene;5;8;0;0;0;0;0;0;0;0;0;0;0;0;
WTTV;2026/27;Bezirk Ostwestfalen/Lippe 2026/27;Ostwestfalen/Lippe;Erwachsene;3. Bezirksklasse Erwachsene;3. Bezirksklasse 4 Erwachsene;WTTV;Ostwestfalen/Lippe;42706;SC GW Paderborn;Erwachsene;8;9;0;0;0;0;0;0;0;0;0;0;0;0;
WTTV;2026/27;Bezirk Ostwestfalen/Lippe 2026/27;Ostwestfalen/Lippe;Erwachsene;3. Bezirksklasse Erwachsene;3. Bezirksklasse 4 Erwachsene;WTTV;Ostwestfalen/Lippe;42701;SV GW Steinhausen;Erwachsene;1;10;0;0;0;0;0;0;0;0;0;0;0;0;
WTTV;2026/27;Bezirk Ostwestfalen/Lippe 2026/27;Ostwestfalen/Lippe;Erwachsene;3. Bezirksklasse Erwachsene;3. Bezirksklasse 5 Erwachsene;WTTV;Ostwestfalen/Lippe;42726;TSV Schloß Neuhaus;Erwachsene;3;1;0;0;0;0;0;0;0;0;0;0;0;0;
WTTV;2026/27;Bezirk Ostwestfalen/Lippe 2026/27;Ostwestfalen/Lippe;Erwachsene;3. Bezirksklasse Erwachsene;3. Bezirksklasse 5 Erwachsene;WTTV;Ostwestfalen/Lippe;42707;SC Victoria Neuenbeken;Erwachsene;2;2;0;0;0;0;0;0;0;0;0;0;0;0;
WTTV;2026/27;Bezirk Ostwestfalen/Lippe 2026/27;Ostwestfalen/Lippe;Erwachsene;3. Bezirksklasse Erwachsene;3. Bezirksklasse 5 Erwachsene;WTTV;Ostwestfalen/Lippe;42703;SC Wewer 2000;Erwachsene;3;3;0;0;0;0;0;0;0;0;0;0;0;0;
WTTV;2026/27;Bezirk Ostwestfalen/Lippe 2026/27;Ostwestfalen/Lippe;Erwachsene;3. Bezirksklasse Erwachsene;3. Bezirksklasse 5 Erwachsene;WTTV;Ostwestfalen/Lippe;42720;SC Concordia 1919 Scharmede e.V.;Erwachsene;3;4;0;0;0;0;0;0;0;0;0;0;0;0;
WTTV;2026/27;Bezirk Ostwestfalen/Lippe 2026/27;Ostwestfalen/Lippe;Erwachsene;3. Bezirksklasse Erwachsene;3. Bezirksklasse 5 Erwachsene;WTTV;Ostwestfalen/Lippe;42704;TTV Hövelhof;Erwachsene;5;5;0;0;0;0;0;0;0;0;0;0;0;0;
WTTV;2026/27;Bezirk Ostwestfalen/Lippe 2026/27;Ostwestfalen/Lippe;Erwachsene;3. Bezirksklasse Erwachsene;3. Bezirksklasse 5 Erwachsene;WTTV;Ostwestfalen/Lippe;42706;SC GW Paderborn;Erwachsene;9;6;0;0;0;0;0;0;0;0;0;0;0;0;
WTTV;2026/27;Bezirk Ostwestfalen/Lippe 2026/27;Ostwestfalen/Lippe;Erwachsene;3. Bezirksklasse Erwachsene;3. Bezirksklasse 5 Erwachsene;WTTV;Ostwestfalen/Lippe;42718;SV Heide Paderborn;Erwachsene;6;7;0;0;0;0;0;0;0;0;0;0;0;0;
WTTV;2026/27;Bezirk Ostwestfalen/Lippe 2026/27;Ostwestfalen/Lippe;Erwachsene;3. Bezirksklasse Erwachsene;3. Bezirksklasse 5 Erwachsene;WTTV;Ostwestfalen/Lippe;42712;TuRa Elsen;Erwachsene;8;8;0;0;0;0;0;0;0;0;0;0;0;0;
WTTV;2026/27;Bezirk Ostwestfalen/Lippe 2026/27;Ostwestfalen/Lippe;Erwachsene;3. Bezirksklasse Erwachsene;3. Bezirksklasse 5 Erwachsene;WTTV;Ostwestfalen/Lippe;42709;TTC Paderborn e.V.;Erwachsene;4;9;0;0;0;0;0;0;0;0;0;0;0;0;
WTTV;2026/27;Bezirk Ostwestfalen/Lippe 2026/27;Ostwestfalen/Lippe;Erwachsene;3. Bezirksklasse Erwachsene;3. Bezirksklasse 6 Erwachsene;WTTV;Ostwestfalen/Lippe;42501;DJK Adler Brakel;Erwachsene;5;1;0;0;0;0;0;0;0;0;0;0;0;0;
WTTV;2026/27;Bezirk Ostwestfalen/Lippe 2026/27;Ostwestfalen/Lippe;Erwachsene;3. Bezirksklasse Erwachsene;3. Bezirksklasse 6 Erwachsene;WTTV;Ostwestfalen/Lippe;42508;DJK Nieheim;Erwachsene;3;2;0;0;0;0;0;0;0;0;0;0;0;0;
WTTV;2026/27;Bezirk Ostwestfalen/Lippe 2026/27;Ostwestfalen/Lippe;Erwachsene;3. Bezirksklasse Erwachsene;3. Bezirksklasse 6 Erwachsene;WTTV;Ostwestfalen/Lippe;42705;ESV TuS Altenbeken;Erwachsene;2;3;0;0;0;0;0;0;0;0;0;0;0;0;
WTTV;2026/27;Bezirk Ostwestfalen/Lippe 2026/27;Ostwestfalen/Lippe;Erwachsene;3. Bezirksklasse Erwachsene;3. Bezirksklasse 6 Erwachsene;WTTV;Ostwestfalen/Lippe;42503;TuS Bad Driburg;Erwachsene;5;4;0;0;0;0;0;0;0;0;0;0;0;0;
WTTV;2026/27;Bezirk Ostwestfalen/Lippe 2026/27;Ostwestfalen/Lippe;Erwachsene;3. Bezirksklasse Erwachsene;3. Bezirksklasse 6 Erwachsene;WTTV;Ostwestfalen/Lippe;42512;SV Vörden;Erwachsene;4;5;0;0;0;0;0;0;0;0;0;0;0;0;
WTTV;2026/27;Bezirk Ostwestfalen/Lippe 2026/27;Ostwestfalen/Lippe;Erwachsene;3. Bezirksklasse Erwachsene;3. Bezirksklasse 6 Erwachsene;WTTV;Ostwestfalen/Lippe;42505;Tischtennisverein Höxter;Erwachsene;5;6;0;0;0;0;0;0;0;0;0;0;0;0;
WTTV;2026/27;Bezirk Ostwestfalen/Lippe 2026/27;Ostwestfalen/Lippe;Erwachsene;3. Bezirksklasse Erwachsene;3. Bezirksklasse 6 Erwachsene;WTTV;Ostwestfalen/Lippe;42506;TTC Oeynhausen;Erwachsene;1;7;0;0;0;0;0;0;0;0;0;0;0;0;
WTTV;2026/27;Bezirk Ostwestfalen/Lippe 2026/27;Ostwestfalen/Lippe;Erwachsene;3. Bezirksklasse Erwachsene;3. Bezirksklasse 6 Erwachsene;WTTV;Ostwestfalen/Lippe;42705;ESV TuS Altenbeken;Erwachsene;3;8;0;0;0;0;0;0;0;0;0;0;0;0;
WTTV;2026/27;Bezirk Ostwestfalen/Lippe 2026/27;Ostwestfalen/Lippe;Erwachsene;3. Bezirksklasse Erwachsene;3. Bezirksklasse 6 Erwachsene;WTTV;Ostwestfalen/Lippe;42508;DJK Nieheim;Erwachsene;2;9;0;0;0;0;0;0;0;0;0;0;0;0;
WTTV;2026/27;Bezirk Ostwestfalen/Lippe 2026/27;Ostwestfalen/Lippe;Erwachsene;3. Bezirksklasse Erwachsene;3. Bezirksklasse 7 Erwachsene;WTTV;Ostwestfalen/Lippe;42515;SSV Blau-Weiß Blankenau;Erwachsene;2;1;0;0;0;0;0;0;0;0;0;0;0;0;
WTTV;2026/27;Bezirk Ostwestfalen/Lippe 2026/27;Ostwestfalen/Lippe;Erwachsene;3. Bezirksklasse Erwachsene;3. Bezirksklasse 7 Erwachsene;WTTV;Ostwestfalen/Lippe;42520;TTV Warburg;Erwachsene;4;2;0;0;0;0;0;0;0;0;0;0;0;0;
WTTV;2026/27;Bezirk Ostwestfalen/Lippe 2026/27;Ostwestfalen/Lippe;Erwachsene;3. Bezirksklasse Erwachsene;3. Bezirksklasse 7 Erwachsene;WTTV;Ostwestfalen/Lippe;42502;TTV Borgholz;Erwachsene;3;3;0;0;0;0;0;0;0;0;0;0;0;0;
WTTV;2026/27;Bezirk Ostwestfalen/Lippe 2026/27;Ostwestfalen/Lippe;Erwachsene;3. Bezirksklasse Erwachsene;3. Bezirksklasse 7 Erwachsene;WTTV;Ostwestfalen/Lippe;42517;SV 23 Drenke e.V.;Erwachsene;1;4;0;0;0;0;0;0;0;0;0;0;0;0;
WTTV;2026/27;Bezirk Ostwestfalen/Lippe 2026/27;Ostwestfalen/Lippe;Erwachsene;3. Bezirksklasse Erwachsene;3. Bezirksklasse 7 Erwachsene;WTTV;Ostwestfalen/Lippe;42511;Turnverein Riesel;Erwachsene;3;5;0;0;0;0;0;0;0;0;0;0;0;0;
WTTV;2026/27;Bezirk Ostwestfalen/Lippe 2026/27;Ostwestfalen/Lippe;Erwachsene;3. Bezirksklasse Erwachsene;3. Bezirksklasse 7 Erwachsene;WTTV;Ostwestfalen/Lippe;42522;TTV Grün-Weiß Daseburg;Erwachsene;3;6;0;0;0;0;0;0;0;0;0;0;0;0;
WTTV;2026/27;Bezirk Ostwestfalen/Lippe 2026/27;Ostwestfalen/Lippe;Erwachsene;3. Bezirksklasse Erwachsene;3. Bezirksklasse 7 Erwachsene;WTTV;Ostwestfalen/Lippe;42521;SV Menne;Erwachsene;6;7;0;0;0;0;0;0;0;0;0;0;0;0;
WTTV;2026/27;Bezirk Ostwestfalen/Lippe 2026/27;Ostwestfalen/Lippe;Erwachsene;3. Bezirksklasse Erwachsene;3. Bezirksklasse 7 Erwachsene;WTTV;Ostwestfalen/Lippe;42526;SV Teutonia Ossendorf;Erwachsene;3;8;0;0;0;0;0;0;0;0;0;0;0;0;
WTTV;2026/27;Bezirk Ostwestfalen/Lippe 2026/27;Ostwestfalen/Lippe;Erwachsene;3. Bezirksklasse Erwachsene;3. Bezirksklasse 7 Erwachsene;WTTV;Ostwestfalen/Lippe;42519;Westfalia 03 Scherfede-Rimbeck;Erwachsene;2;9;0;0;0;0;0;0;0;0;0;0;0;0;
WTTV;2026/27;Bezirk Ostwestfalen/Lippe 2026/27;Ostwestfalen/Lippe;Erwachsene;3. Bezirksklasse Erwachsene;3. Bezirksklasse 8 Erwachsene;WTTV;Ostwestfalen/Lippe;42524;TTC Borgentreich;Erwachsene;3;1;0;0;0;0;0;0;0;0;0;0;0;0;
WTTV;2026/27;Bezirk Ostwestfalen/Lippe 2026/27;Ostwestfalen/Lippe;Erwachsene;3. Bezirksklasse Erwachsene;3. Bezirksklasse 8 Erwachsene;WTTV;Ostwestfalen/Lippe;42526;SV Teutonia Ossendorf;Erwachsene;2;2;0;0;0;0;0;0;0;0;0;0;0;0;
WTTV;2026/27;Bezirk Ostwestfalen/Lippe 2026/27;Ostwestfalen/Lippe;Erwachsene;3. Bezirksklasse Erwachsene;3. Bezirksklasse 8 Erwachsene;WTTV;Ostwestfalen/Lippe;42521;SV Menne;Erwachsene;5;3;0;0;0;0;0;0;0;0;0;0;0;0;
WTTV;2026/27;Bezirk Ostwestfalen/Lippe 2026/27;Ostwestfalen/Lippe;Erwachsene;3. Bezirksklasse Erwachsene;3. Bezirksklasse 8 Erwachsene;WTTV;Ostwestfalen/Lippe;42515;SSV Blau-Weiß Blankenau;Erwachsene;3;4;0;0;0;0;0;0;0;0;0;0;0;0;
WTTV;2026/27;Bezirk Ostwestfalen/Lippe 2026/27;Ostwestfalen/Lippe;Erwachsene;3. Bezirksklasse Erwachsene;3. Bezirksklasse 8 Erwachsene;WTTV;Ostwestfalen/Lippe;42522;TTV Grün-Weiß Daseburg;Erwachsene;4;5;0;0;0;0;0;0;0;0;0;0;0;0;
WTTV;2026/27;Bezirk Ostwestfalen/Lippe 2026/27;Ostwestfalen/Lippe;Erwachsene;3. Bezirksklasse Erwachsene;3. Bezirksklasse 8 Erwachsene;WTTV;Ostwestfalen/Lippe;42511;Turnverein Riesel;Erwachsene;4;6;0;0;0;0;0;0;0;0;0;0;0;0;
WTTV;2026/27;Bezirk Ostwestfalen/Lippe 2026/27;Ostwestfalen/Lippe;Erwachsene;3. Bezirksklasse Erwachsene;3. Bezirksklasse 8 Erwachsene;WTTV;Ostwestfalen/Lippe;42518;FC Bühne 1929;Erwachsene;4;7;0;0;0;0;0;0;0;0;0;0;0;0;
WTTV;2026/27;Bezirk Ostwestfalen/Lippe 2026/27;Ostwestfalen/Lippe;Erwachsene;3. Bezirksklasse Erwachsene;3. Bezirksklasse 8 Erwachsene;WTTV;Ostwestfalen/Lippe;42502;TTV Borgholz;Erwachsene;4;8;0;0;0;0;0;0;0;0;0;0;0;0;
WTTV;2026/27;Bezirk Ostwestfalen/Lippe 2026/27;Ostwestfalen/Lippe;Erwachsene;3. Bezirksklasse Erwachsene;3. Bezirksklasse 8 Erwachsene;WTTV;Ostwestfalen/Lippe;42517;SV 23 Drenke e.V.;Erwachsene;2;9;0;0;0;0;0;0;0;0;0;0;0;0;
WTTV;2026/27;Bezirk Ostwestfalen/Lippe 2026/27;Ostwestfalen/Lippe;Erwachsene;3. Bezirksklasse Erwachsene;3. Bezirksklasse 8 Erwachsene;WTTV;Ostwestfalen/Lippe;42504;TTG Ikenhausen;Erwachsene;4;10;0;0;0;0;0;0;0;0;0;0;0;0;
WTTV;2026/27;Bezirk Ostwestfalen/Lippe 2026/27;Ostwestfalen/Lippe;Erwachsene;4. Bezirksklasse Erwachsene;4. Bezirksklasse 1 Erwachsene;WTTV;Ostwestfalen/Lippe;42605;PSG Bad Salzuflen;Erwachsene;5;1;0;0;0;0;0;0;0;0;0;0;0;0;
WTTV;2026/27;Bezirk Ostwestfalen/Lippe 2026/27;Ostwestfalen/Lippe;Erwachsene;4. Bezirksklasse Erwachsene;4. Bezirksklasse 1 Erwachsene;WTTV;Ostwestfalen/Lippe;42621;TSV Bentrup-Lossbruch;Erwachsene;5;2;0;0;0;0;0;0;0;0;0;0;0;0;
WTTV;2026/27;Bezirk Ostwestfalen/Lippe 2026/27;Ostwestfalen/Lippe;Erwachsene;4. Bezirksklasse Erwachsene;4. Bezirksklasse 1 Erwachsene;WTTV;Ostwestfalen/Lippe;42612;TuS Bexterhagen;Erwachsene;6;3;0;0;0;0;0;0;0;0;0;0;0;0;
WTTV;2026/27;Bezirk Ostwestfalen/Lippe 2026/27;Ostwestfalen/Lippe;Erwachsene;4. Bezirksklasse Erwachsene;4. Bezirksklasse 1 Erwachsene;WTTV;Ostwestfalen/Lippe;42601;TTC Schuckenbaum;Erwachsene;4;4;0;0;0;0;0;0;0;0;0;0;0;0;
WTTV;2026/27;Bezirk Ostwestfalen/Lippe 2026/27;Ostwestfalen/Lippe;Erwachsene;4. Bezirksklasse Erwachsene;4. Bezirksklasse 1 Erwachsene;WTTV;Ostwestfalen/Lippe;42623;TuS Ahmsen;Erwachsene;3;5;0;0;0;0;0;0;0;0;0;0;0;0;
WTTV;2026/27;Bezirk Ostwestfalen/Lippe 2026/27;Ostwestfalen/Lippe;Erwachsene;4. Bezirksklasse Erwachsene;4. Bezirksklasse 1 Erwachsene;WTTV;Ostwestfalen/Lippe;42613;TuS Voßheide;Erwachsene;1;6;0;0;0;0;0;0;0;0;0;0;0;0;
WTTV;2026/27;Bezirk Ostwestfalen/Lippe 2026/27;Ostwestfalen/Lippe;Erwachsene;4. Bezirksklasse Erwachsene;4. Bezirksklasse 1 Erwachsene;WTTV;Ostwestfalen/Lippe;42609;TTC Retzen;Erwachsene;3;7;0;0;0;0;0;0;0;0;0;0;0;0;
WTTV;2026/27;Bezirk Ostwestfalen/Lippe 2026/27;Ostwestfalen/Lippe;Erwachsene;4. Bezirksklasse Erwachsene;4. Bezirksklasse 1 Erwachsene;WTTV;Ostwestfalen/Lippe;42623;TuS Ahmsen;Erwachsene;4;8;0;0;0;0;0;0;0;0;0;0;0;0;
WTTV;2026/27;Bezirk Ostwestfalen/Lippe 2026/27;Ostwestfalen/Lippe;Erwachsene;4. Bezirksklasse Erwachsene;4. Bezirksklasse 1 Erwachsene;WTTV;Ostwestfalen/Lippe;42618;VfL Lüerdissen;Erwachsene;5;9;0;0;0;0;0;0;0;0;0;0;0;0;
WTTV;2026/27;Bezirk Ostwestfalen/Lippe 2026/27;Ostwestfalen/Lippe;Erwachsene;4. Bezirksklasse Erwachsene;4. Bezirksklasse 1 Erwachsene;WTTV;Ostwestfalen/Lippe;42601;TTC Schuckenbaum;Erwachsene;3;10;0;0;0;0;0;0;0;0;0;0;0;0;
WTTV;2026/27;Bezirk Ostwestfalen/Lippe 2026/27;Ostwestfalen/Lippe;Erwachsene;4. Bezirksklasse Erwachsene;4. Bezirksklasse 1 Erwachsene;WTTV;Ostwestfalen/Lippe;42637;TuS Langenholzhausen;Erwachsene;3;11;0;0;0;0;0;0;0;0;0;0;0;0;
WTTV;2026/27;Bezirk Ostwestfalen/Lippe 2026/27;Ostwestfalen/Lippe;Erwachsene;4. Bezirksklasse Erwachsene;4. Bezirksklasse 2 Erwachsene;WTTV;Ostwestfalen/Lippe;42614;TTV Lage e.V.;Erwachsene;9;1;0;0;0;0;0;0;0;0;0;0;0;0;
WTTV;2026/27;Bezirk Ostwestfalen/Lippe 2026/27;Ostwestfalen/Lippe;Erwachsene;4. Bezirksklasse Erwachsene;4. Bezirksklasse 2 Erwachsene;WTTV;Ostwestfalen/Lippe;42626;TSV Elbrinxen 09;Erwachsene;3;2;0;0;0;0;0;0;0;0;0;0;0;0;
WTTV;2026/27;Bezirk Ostwestfalen/Lippe 2026/27;Ostwestfalen/Lippe;Erwachsene;4. Bezirksklasse Erwachsene;4. Bezirksklasse 2 Erwachsene;WTTV;Ostwestfalen/Lippe;42617;VfL Hiddesen-Pivitsheide;Erwachsene;4;3;0;0;0;0;0;0;0;0;0;0;0;0;
WTTV;2026/27;Bezirk Ostwestfalen/Lippe 2026/27;Ostwestfalen/Lippe;Erwachsene;4. Bezirksklasse Erwachsene;4. Bezirksklasse 2 Erwachsene;WTTV;Ostwestfalen/Lippe;42621;TSV Bentrup-Lossbruch;Erwachsene;6;4;0;0;0;0;0;0;0;0;0;0;0;0;
WTTV;2026/27;Bezirk Ostwestfalen/Lippe 2026/27;Ostwestfalen/Lippe;Erwachsene;4. Bezirksklasse Erwachsene;4. Bezirksklasse 2 Erwachsene;WTTV;Ostwestfalen/Lippe;42604;TTS Detmold e.V.;Erwachsene;6;5;0;0;0;0;0;0;0;0;0;0;0;0;
WTTV;2026/27;Bezirk Ostwestfalen/Lippe 2026/27;Ostwestfalen/Lippe;Erwachsene;4. Bezirksklasse Erwachsene;4. Bezirksklasse 2 Erwachsene;WTTV;Ostwestfalen/Lippe;42512;SV Vörden;Erwachsene;5;6;0;0;0;0;0;0;0;0;0;0;0;0;
WTTV;2026/27;Bezirk Ostwestfalen/Lippe 2026/27;Ostwestfalen/Lippe;Erwachsene;4. Bezirksklasse Erwachsene;4. Bezirksklasse 2 Erwachsene;WTTV;Ostwestfalen/Lippe;42607;TTV Horn-Bad Meinberg e.V.;Erwachsene;4;7;0;0;0;0;0;0;0;0;0;0;0;0;
WTTV;2026/27;Bezirk Ostwestfalen/Lippe 2026/27;Ostwestfalen/Lippe;Erwachsene;4. Bezirksklasse Erwachsene;4. Bezirksklasse 2 Erwachsene;WTTV;Ostwestfalen/Lippe;42505;Tischtennisverein Höxter;Erwachsene;6;8;0;0;0;0;0;0;0;0;0;0;0;0;
WTTV;2026/27;Bezirk Ostwestfalen/Lippe 2026/27;Ostwestfalen/Lippe;Erwachsene;4. Bezirksklasse Erwachsene;4. Bezirksklasse 2 Erwachsene;WTTV;Ostwestfalen/Lippe;42602;TV Blomberg;Erwachsene;2;9;0;0;0;0;0;0;0;0;0;0;0;0;
WTTV;2026/27;Bezirk Ostwestfalen/Lippe 2026/27;Ostwestfalen/Lippe;Erwachsene;4. Bezirksklasse Erwachsene;4. Bezirksklasse 2 Erwachsene;WTTV;Ostwestfalen/Lippe;42621;TSV Bentrup-Lossbruch;Erwachsene;4;10;0;0;0;0;0;0;0;0;0;0;0;0;
WTTV;2026/27;Bezirk Ostwestfalen/Lippe 2026/27;Ostwestfalen/Lippe;Erwachsene;4. Bezirksklasse Erwachsene;4. Bezirksklasse 3 Erwachsene;WTTV;Ostwestfalen/Lippe;42514;TTC Grevenhagen;Erwachsene;2;1;0;0;0;0;0;0;0;0;0;0;0;0;
WTTV;2026/27;Bezirk Ostwestfalen/Lippe 2026/27;Ostwestfalen/Lippe;Erwachsene;4. Bezirksklasse Erwachsene;4. Bezirksklasse 3 Erwachsene;WTTV;Ostwestfalen/Lippe;42633;VfL Schlangen;Erwachsene;3;2;0;0;0;0;0;0;0;0;0;0;0;0;
WTTV;2026/27;Bezirk Ostwestfalen/Lippe 2026/27;Ostwestfalen/Lippe;Erwachsene;4. Bezirksklasse Erwachsene;4. Bezirksklasse 3 Erwachsene;WTTV;Ostwestfalen/Lippe;42705;ESV TuS Altenbeken;Erwachsene;4;3;0;0;0;0;0;0;0;0;0;0;0;0;
WTTV;2026/27;Bezirk Ostwestfalen/Lippe 2026/27;Ostwestfalen/Lippe;Erwachsene;4. Bezirksklasse Erwachsene;4. Bezirksklasse 3 Erwachsene;WTTV;Ostwestfalen/Lippe;42508;DJK Nieheim;Erwachsene;4;4;0;0;0;0;0;0;0;0;0;0;0;0;
WTTV;2026/27;Bezirk Ostwestfalen/Lippe 2026/27;Ostwestfalen/Lippe;Erwachsene;4. Bezirksklasse Erwachsene;4. Bezirksklasse 3 Erwachsene;WTTV;Ostwestfalen/Lippe;42716;SV Rot-Weiß Bentfeld;Erwachsene;4;5;0;0;0;0;0;0;0;0;0;0;0;0;
WTTV;2026/27;Bezirk Ostwestfalen/Lippe 2026/27;Ostwestfalen/Lippe;Erwachsene;4. Bezirksklasse Erwachsene;4. Bezirksklasse 3 Erwachsene;WTTV;Ostwestfalen/Lippe;42724;SV Rot-Weiß Alfen;Erwachsene;4;6;0;0;0;0;0;0;0;0;0;0;0;0;
WTTV;2026/27;Bezirk Ostwestfalen/Lippe 2026/27;Ostwestfalen/Lippe;Erwachsene;4. Bezirksklasse Erwachsene;4. Bezirksklasse 3 Erwachsene;WTTV;Ostwestfalen/Lippe;42501;DJK Adler Brakel;Erwachsene;6;7;0;0;0;0;0;0;0;0;0;0;0;0;
WTTV;2026/27;Bezirk Ostwestfalen/Lippe 2026/27;Ostwestfalen/Lippe;Erwachsene;4. Bezirksklasse Erwachsene;4. Bezirksklasse 3 Erwachsene;WTTV;Ostwestfalen/Lippe;42508;DJK Nieheim;Erwachsene;5;8;0;0;0;0;0;0;0;0;0;0;0;0;
WTTV;2026/27;Bezirk Ostwestfalen/Lippe 2026/27;Ostwestfalen/Lippe;Erwachsene;4. Bezirksklasse Erwachsene;4. Bezirksklasse 3 Erwachsene;WTTV;Ostwestfalen/Lippe;42705;ESV TuS Altenbeken;Erwachsene;5;9;0;0;0;0;0;0;0;0;0;0;0;0;
WTTV;2026/27;Bezirk Ostwestfalen/Lippe 2026/27;Ostwestfalen/Lippe;Erwachsene;4. Bezirksklasse Erwachsene;4. Bezirksklasse 3 Erwachsene;WTTV;Ostwestfalen/Lippe;42528;SV Bökendorf;Erwachsene;3;10;0;0;0;0;0;0;0;0;0;0;0;0;
WTTV;2026/27;Bezirk Ostwestfalen/Lippe 2026/27;Ostwestfalen/Lippe;Damen;Bezirksoberliga Damen;Bezirksoberliga Damen;WTTV;Ostwestfalen/Lippe;42521;SV Menne;Damen;2;1;0;0;0;0;0;0;0;0;0;0;0;0;
WTTV;2026/27;Bezirk Ostwestfalen/Lippe 2026/27;Ostwestfalen/Lippe;Damen;Bezirksoberliga Damen;Bezirksoberliga Damen;WTTV;Ostwestfalen/Lippe;42502;TTV Borgholz;Damen;2;2;0;0;0;0;0;0;0;0;0;0;0;0;
WTTV;2026/27;Bezirk Ostwestfalen/Lippe 2026/27;Ostwestfalen/Lippe;Damen;Bezirksoberliga Damen;Bezirksoberliga Damen;WTTV;Ostwestfalen/Lippe;42509;TuS RW Peckelsheim;Damen;1;3;0;0;0;0;0;0;0;0;0;0;0;0;
WTTV;2026/27;Bezirk Ostwestfalen/Lippe 2026/27;Ostwestfalen/Lippe;Damen;Bezirksoberliga Damen;Bezirksoberliga Damen;WTTV;Ostwestfalen/Lippe;42528;SV Bökendorf;Damen;1;4;0;0;0;0;0;0;0;0;0;0;0;0;
WTTV;2026/27;Bezirk Ostwestfalen/Lippe 2026/27;Ostwestfalen/Lippe;Damen;Bezirksoberliga Damen;Bezirksoberliga Damen;WTTV;Ostwestfalen/Lippe;42518;FC Bühne 1929;Damen;1;5;0;0;0;0;0;0;0;0;0;0;0;0;
WTTV;2026/27;Bezirk Ostwestfalen/Lippe 2026/27;Ostwestfalen/Lippe;Damen;Bezirksoberliga Damen;Bezirksoberliga Damen;WTTV;Ostwestfalen/Lippe;42502;TTV Borgholz;Damen;1;6;0;0;0;0;0;0;0;0;0;0;0;0;
WTTV;2026/27;Bezirk Ostwestfalen/Lippe 2026/27;Ostwestfalen/Lippe;Damen;Bezirksoberliga Damen;Bezirksoberliga Damen;WTTV;Ostwestfalen/Lippe;42619;TuS Bega 09;Damen;1;7;0;0;0;0;0;0;0;0;0;0;0;0;
WTTV;2026/27;Bezirk Ostwestfalen/Lippe 2026/27;Ostwestfalen/Lippe;Damen;1. Bezirksliga Damen;1. Bezirksliga Damen;WTTV;Ostwestfalen/Lippe;42502;TTV Borgholz;Damen;4;1;0;0;0;0;0;0;0;0;0;0;0;0;
WTTV;2026/27;Bezirk Ostwestfalen/Lippe 2026/27;Ostwestfalen/Lippe;Damen;1. Bezirksliga Damen;1. Bezirksliga Damen;WTTV;Ostwestfalen/Lippe;42522;TTV Grün-Weiß Daseburg;Damen;3;2;0;0;0;0;0;0;0;0;0;0;0;0;
WTTV;2026/27;Bezirk Ostwestfalen/Lippe 2026/27;Ostwestfalen/Lippe;Damen;1. Bezirksliga Damen;1. Bezirksliga Damen;WTTV;Ostwestfalen/Lippe;42504;TTG Ikenhausen;Damen;2;3;0;0;0;0;0;0;0;0;0;0;0;0;
WTTV;2026/27;Bezirk Ostwestfalen/Lippe 2026/27;Ostwestfalen/Lippe;Damen;1. Bezirksliga Damen;1. Bezirksliga Damen;WTTV;Ostwestfalen/Lippe;42504;TTG Ikenhausen;Damen;1;4;0;0;0;0;0;0;0;0;0;0;0;0;
WTTV;2026/27;Bezirk Ostwestfalen/Lippe 2026/27;Ostwestfalen/Lippe;Damen;1. Bezirksliga Damen;1. Bezirksliga Damen;WTTV;Ostwestfalen/Lippe;42507;Sportverein 1930 Bergheim;Damen;1;5;0;0;0;0;0;0;0;0;0;0;0;0;
WTTV;2026/27;Bezirk Ostwestfalen/Lippe 2026/27;Ostwestfalen/Lippe;Damen;1. Bezirksliga Damen;1. Bezirksliga Damen;WTTV;Ostwestfalen/Lippe;42502;TTV Borgholz;Damen;3;6;0;0;0;0;0;0;0;0;0;0;0;0;
WTTV;2026/27;Bezirk Ostwestfalen/Lippe 2026/27;Ostwestfalen/Lippe;Jugend 19;Bezirksoberliga Jugend 19;Bezirksoberliga Jugend 19;WTTV;Ostwestfalen/Lippe;42507;Sportverein 1930 Bergheim;Jugend 19;1;1;0;0;0;0;0;0;0;0;0;0;0;0;
WTTV;2026/27;Bezirk Ostwestfalen/Lippe 2026/27;Ostwestfalen/Lippe;Jugend 19;Bezirksoberliga Jugend 19;Bezirksoberliga Jugend 19;WTTV;Ostwestfalen/Lippe;42522;TTV Grün-Weiß Daseburg;Jugend 19;1;2;0;0;0;0;0;0;0;0;0;0;0;0;
WTTV;2026/27;Bezirk Ostwestfalen/Lippe 2026/27;Ostwestfalen/Lippe;Jugend 19;Bezirksoberliga Jugend 19;Bezirksoberliga Jugend 19;WTTV;Ostwestfalen/Lippe;42501;DJK Adler Brakel;Jugend 19;2;3;0;0;0;0;0;0;0;0;0;0;0;0;
WTTV;2026/27;Bezirk Ostwestfalen/Lippe 2026/27;Ostwestfalen/Lippe;Jugend 19;Bezirksoberliga Jugend 19;Bezirksoberliga Jugend 19;WTTV;Ostwestfalen/Lippe;42711;TuS Bad Wünnenberg;Jugend 19;1;4;0;0;0;0;0;0;0;0;0;0;0;0;
WTTV;2026/27;Bezirk Ostwestfalen/Lippe 2026/27;Ostwestfalen/Lippe;Jugend 19;Bezirksoberliga Jugend 19;Bezirksoberliga Jugend 19;WTTV;Ostwestfalen/Lippe;42608;TSV Eintracht Belle;Jugend 19;1;5;0;0;0;0;0;0;0;0;0;0;0;0;
WTTV;2026/27;Bezirk Ostwestfalen/Lippe 2026/27;Ostwestfalen/Lippe;Jugend 19;Bezirksoberliga Jugend 19;Bezirksoberliga Jugend 19;WTTV;Ostwestfalen/Lippe;42724;SV Rot-Weiß Alfen;Jugend 19;1;6;0;0;0;0;0;0;0;0;0;0;0;0;
WTTV;2026/27;Bezirk Ostwestfalen/Lippe 2026/27;Ostwestfalen/Lippe;Jugend 19;1. Bezirksliga Jugend 19;1. Bezirksliga 1 Jugend 19;WTTV;Ostwestfalen/Lippe;42503;TuS Bad Driburg;Jugend 19;1;1;0;0;0;0;0;0;0;0;0;0;0;0;
WTTV;2026/27;Bezirk Ostwestfalen/Lippe 2026/27;Ostwestfalen/Lippe;Jugend 19;1. Bezirksliga Jugend 19;1. Bezirksliga 1 Jugend 19;WTTV;Ostwestfalen/Lippe;42521;SV Menne;Jugend 19;1;2;0;0;0;0;0;0;0;0;0;0;0;0;
WTTV;2026/27;Bezirk Ostwestfalen/Lippe 2026/27;Ostwestfalen/Lippe;Jugend 19;1. Bezirksliga Jugend 19;1. Bezirksliga 1 Jugend 19;WTTV;Ostwestfalen/Lippe;42706;SC GW Paderborn;Jugend 19;1;3;0;0;0;0;0;0;0;0;0;0;0;0;
WTTV;2026/27;Bezirk Ostwestfalen/Lippe 2026/27;Ostwestfalen/Lippe;Jugend 19;1. Bezirksliga Jugend 19;1. Bezirksliga 1 Jugend 19;WTTV;Ostwestfalen/Lippe;42608;TSV Eintracht Belle;Jugend 19;2;4;0;0;0;0;0;0;0;0;0;0;0;0;
WTTV;2026/27;Bezirk Ostwestfalen/Lippe 2026/27;Ostwestfalen/Lippe;Jugend 19;1. Bezirksliga Jugend 19;1. Bezirksliga 1 Jugend 19;WTTV;Ostwestfalen/Lippe;42712;TuRa Elsen;Jugend 19;1;5;0;0;0;0;0;0;0;0;0;0;0;0;
WTTV;2026/27;Bezirk Ostwestfalen/Lippe 2026/27;Ostwestfalen/Lippe;Jugend 19;1. Bezirksliga Jugend 19;1. Bezirksliga 1 Jugend 19;WTTV;Ostwestfalen/Lippe;42505;Tischtennisverein Höxter;Jugend 19;1;6;0;0;0;0;0;0;0;0;0;0;0;0;
WTTV;2026/27;Bezirk Ostwestfalen/Lippe 2026/27;Ostwestfalen/Lippe;Jugend 19;1. Bezirksliga Jugend 19;1. Bezirksliga 1 Jugend 19;WTTV;Ostwestfalen/Lippe;42702;TTV Salzkotten;Jugend 19;2;7;0;0;0;0;0;0;0;0;0;0;0;0;
WTTV;2026/27;Bezirk Ostwestfalen/Lippe 2026/27;Ostwestfalen/Lippe;Jugend 19;1. Bezirksliga Jugend 19;1. Bezirksliga 1 Jugend 19;WTTV;Ostwestfalen/Lippe;42520;TTV Warburg;Jugend 19;1;8;0;0;0;0;0;0;0;0;0;0;0;0;
WTTV;2026/27;Bezirk Ostwestfalen/Lippe 2026/27;Ostwestfalen/Lippe;Jugend 19;1. Bezirksliga Jugend 19;1. Bezirksliga 1 Jugend 19;WTTV;Ostwestfalen/Lippe;42504;TTG Ikenhausen;Jugend 19;1;9;0;0;0;0;0;0;0;0;0;0;0;0;
WTTV;2026/27;Bezirk Ostwestfalen/Lippe 2026/27;Ostwestfalen/Lippe;Jugend 19;2. Bezirksliga Jugend 19;2. Bezirksliga 1 Jugend 19;WTTV;Ostwestfalen/Lippe;42614;TTV Lage e.V.;Jugend 19;1;1;0;0;0;0;0;0;0;0;0;0;0;0;
WTTV;2026/27;Bezirk Ostwestfalen/Lippe 2026/27;Ostwestfalen/Lippe;Jugend 19;2. Bezirksliga Jugend 19;2. Bezirksliga 1 Jugend 19;WTTV;Ostwestfalen/Lippe;42626;TSV Elbrinxen 09;Jugend 19;1;2;0;0;0;0;0;0;0;0;0;0;0;0;
WTTV;2026/27;Bezirk Ostwestfalen/Lippe 2026/27;Ostwestfalen/Lippe;Jugend 19;2. Bezirksliga Jugend 19;2. Bezirksliga 1 Jugend 19;WTTV;Ostwestfalen/Lippe;42601;TTC Schuckenbaum;Jugend 19;1;3;0;0;0;0;0;0;0;0;0;0;0;0;
WTTV;2026/27;Bezirk Ostwestfalen/Lippe 2026/27;Ostwestfalen/Lippe;Jugend 19;2. Bezirksliga Jugend 19;2. Bezirksliga 1 Jugend 19;WTTV;Ostwestfalen/Lippe;42607;TTV Horn-Bad Meinberg e.V.;Jugend 19;1;4;0;0;0;0;0;0;0;0;0;0;0;0;
WTTV;2026/27;Bezirk Ostwestfalen/Lippe 2026/27;Ostwestfalen/Lippe;Jugend 19;2. Bezirksliga Jugend 19;2. Bezirksliga 1 Jugend 19;WTTV;Ostwestfalen/Lippe;42612;TuS Bexterhagen;Jugend 19;1;5;0;0;0;0;0;0;0;0;0;0;0;0;
WTTV;2026/27;Bezirk Ostwestfalen/Lippe 2026/27;Ostwestfalen/Lippe;Jugend 19;2. Bezirksliga Jugend 19;2. Bezirksliga 1 Jugend 19;WTTV;Ostwestfalen/Lippe;42620;TuS Schieder-Schwalenberg e.V.;Jugend 19;1;6;0;0;0;0;0;0;0;0;0;0;0;0;
WTTV;2026/27;Bezirk Ostwestfalen/Lippe 2026/27;Ostwestfalen/Lippe;Jugend 19;2. Bezirksliga Jugend 19;2. Bezirksliga 1 Jugend 19;WTTV;Ostwestfalen/Lippe;42617;VfL Hiddesen-Pivitsheide;Jugend 19;1;7;0;0;0;0;0;0;0;0;0;0;0;0;
WTTV;2026/27;Bezirk Ostwestfalen/Lippe 2026/27;Ostwestfalen/Lippe;Jugend 19;2. Bezirksliga Jugend 19;2. Bezirksliga 1 Jugend 19;WTTV;Ostwestfalen/Lippe;42628;RSV Augustdorf;Jugend 19;1;8;0;0;0;0;0;0;0;0;0;0;0;0;
WTTV;2026/27;Bezirk Ostwestfalen/Lippe 2026/27;Ostwestfalen/Lippe;Jugend 19;2. Bezirksliga Jugend 19;2. Bezirksliga 1 Jugend 19;WTTV;Ostwestfalen/Lippe;42631;SV Diestelbruch/Mosebeck;Jugend 19;1;9;0;0;0;0;0;0;0;0;0;0;0;0;
WTTV;2026/27;Bezirk Ostwestfalen/Lippe 2026/27;Ostwestfalen/Lippe;Jugend 19;2. Bezirksliga Jugend 19;2. Bezirksliga 1 Jugend 19;WTTV;Ostwestfalen/Lippe;42608;TSV Eintracht Belle;Jugend 19;3;10;0;0;0;0;0;0;0;0;0;0;0;0;
WTTV;2026/27;Bezirk Ostwestfalen/Lippe 2026/27;Ostwestfalen/Lippe;Jugend 19;2. Bezirksliga Jugend 19;2. Bezirksliga 1 Jugend 19;WTTV;Ostwestfalen/Lippe;42614;TTV Lage e.V.;Jugend 19;2;11;0;0;0;0;0;0;0;0;0;0;0;0;
WTTV;2026/27;Bezirk Ostwestfalen/Lippe 2026/27;Ostwestfalen/Lippe;Jugend 19;2. Bezirksliga Jugend 19;2. Bezirksliga 2 Jugend 19;WTTV;Ostwestfalen/Lippe;42704;TTV Hövelhof;Jugend 19;1;1;0;0;0;0;0;0;0;0;0;0;0;0;
WTTV;2026/27;Bezirk Ostwestfalen/Lippe 2026/27;Ostwestfalen/Lippe;Jugend 19;2. Bezirksliga Jugend 19;2. Bezirksliga 2 Jugend 19;WTTV;Ostwestfalen/Lippe;42708;SC Borchen;Jugend 19;1;2;0;0;0;0;0;0;0;0;0;0;0;0;
WTTV;2026/27;Bezirk Ostwestfalen/Lippe 2026/27;Ostwestfalen/Lippe;Jugend 19;2. Bezirksliga Jugend 19;2. Bezirksliga 2 Jugend 19;WTTV;Ostwestfalen/Lippe;42705;ESV TuS Altenbeken;Jugend 19;1;3;0;0;0;0;0;0;0;0;0;0;0;0;
WTTV;2026/27;Bezirk Ostwestfalen/Lippe 2026/27;Ostwestfalen/Lippe;Jugend 19;2. Bezirksliga Jugend 19;2. Bezirksliga 2 Jugend 19;WTTV;Ostwestfalen/Lippe;42718;SV Heide Paderborn;Jugend 19;1;4;0;0;0;0;0;0;0;0;0;0;0;0;
WTTV;2026/27;Bezirk Ostwestfalen/Lippe 2026/27;Ostwestfalen/Lippe;Jugend 19;2. Bezirksliga Jugend 19;2. Bezirksliga 2 Jugend 19;WTTV;Ostwestfalen/Lippe;42712;TuRa Elsen;Jugend 19;2;5;0;0;0;0;0;0;0;0;0;0;0;0;
WTTV;2026/27;Bezirk Ostwestfalen/Lippe 2026/27;Ostwestfalen/Lippe;Jugend 19;2. Bezirksliga Jugend 19;2. Bezirksliga 2 Jugend 19;WTTV;Ostwestfalen/Lippe;42722;DJK Graf Sporck 1920 e.V. Delbrück;Jugend 19;1;6;0;0;0;0;0;0;0;0;0;0;0;0;
WTTV;2026/27;Bezirk Ostwestfalen/Lippe 2026/27;Ostwestfalen/Lippe;Jugend 19;2. Bezirksliga Jugend 19;2. Bezirksliga 2 Jugend 19;WTTV;Ostwestfalen/Lippe;42802;BV 23 Alme e.V.;Jugend 19;1;7;0;0;0;0;0;0;0;0;0;0;0;0;
WTTV;2026/27;Bezirk Ostwestfalen/Lippe 2026/27;Ostwestfalen/Lippe;Jugend 19;2. Bezirksliga Jugend 19;2. Bezirksliga 2 Jugend 19;WTTV;Ostwestfalen/Lippe;42706;SC GW Paderborn;Jugend 19;2;8;0;0;0;0;0;0;0;0;0;0;0;0;
WTTV;2026/27;Bezirk Ostwestfalen/Lippe 2026/27;Ostwestfalen/Lippe;Jugend 19;2. Bezirksliga Jugend 19;2. Bezirksliga 2 Jugend 19;WTTV;Ostwestfalen/Lippe;42707;SC Victoria Neuenbeken;Jugend 19;1;9;0;0;0;0;0;0;0;0;0;0;0;0;
WTTV;2026/27;Bezirk Ostwestfalen/Lippe 2026/27;Ostwestfalen/Lippe;Jugend 19;2. Bezirksliga Jugend 19;2. Bezirksliga 2 Jugend 19;WTTV;Ostwestfalen/Lippe;42726;TSV Schloß Neuhaus;Jugend 19;1;10;0;0;0;0;0;0;0;0;0;0;0;0;
WTTV;2026/27;Bezirk Ostwestfalen/Lippe 2026/27;Ostwestfalen/Lippe;Jugend 19;2. Bezirksliga Jugend 19;2. Bezirksliga 3 Jugend 19;WTTV;Ostwestfalen/Lippe;42507;Sportverein 1930 Bergheim;Jugend 19;2;1;0;0;0;0;0;0;0;0;0;0;0;0;
WTTV;2026/27;Bezirk Ostwestfalen/Lippe 2026/27;Ostwestfalen/Lippe;Jugend 19;2. Bezirksliga Jugend 19;2. Bezirksliga 3 Jugend 19;WTTV;Ostwestfalen/Lippe;42503;TuS Bad Driburg;Jugend 19;2;2;0;0;0;0;0;0;0;0;0;0;0;0;
WTTV;2026/27;Bezirk Ostwestfalen/Lippe 2026/27;Ostwestfalen/Lippe;Jugend 19;2. Bezirksliga Jugend 19;2. Bezirksliga 3 Jugend 19;WTTV;Ostwestfalen/Lippe;42522;TTV Grün-Weiß Daseburg;Jugend 19;2;3;0;0;0;0;0;0;0;0;0;0;0;0;
WTTV;2026/27;Bezirk Ostwestfalen/Lippe 2026/27;Ostwestfalen/Lippe;Jugend 19;2. Bezirksliga Jugend 19;2. Bezirksliga 3 Jugend 19;WTTV;Ostwestfalen/Lippe;42501;DJK Adler Brakel;Jugend 19;3;4;0;0;0;0;0;0;0;0;0;0;0;0;
WTTV;2026/27;Bezirk Ostwestfalen/Lippe 2026/27;Ostwestfalen/Lippe;Jugend 19;2. Bezirksliga Jugend 19;2. Bezirksliga 3 Jugend 19;WTTV;Ostwestfalen/Lippe;42524;TTC Borgentreich;Jugend 19;1;5;0;0;0;0;0;0;0;0;0;0;0;0;
WTTV;2026/27;Bezirk Ostwestfalen/Lippe 2026/27;Ostwestfalen/Lippe;Jugend 19;2. Bezirksliga Jugend 19;2. Bezirksliga 3 Jugend 19;WTTV;Ostwestfalen/Lippe;42512;SV Vörden;Jugend 19;1;6;0;0;0;0;0;0;0;0;0;0;0;0;
WTTV;2026/27;Bezirk Ostwestfalen/Lippe 2026/27;Ostwestfalen/Lippe;Jugend 19;2. Bezirksliga Jugend 19;2. Bezirksliga 3 Jugend 19;WTTV;Ostwestfalen/Lippe;42518;FC Bühne 1929;Jugend 19;1;7;0;0;0;0;0;0;0;0;0;0;0;0;
WTTV;2026/27;Bezirk Ostwestfalen/Lippe 2026/27;Ostwestfalen/Lippe;Jugend 19;2. Bezirksliga Jugend 19;2. Bezirksliga 3 Jugend 19;WTTV;Ostwestfalen/Lippe;42522;TTV Grün-Weiß Daseburg;Jugend 19;3;8;0;0;0;0;0;0;0;0;0;0;0;0;
WTTV;2026/27;Bezirk Ostwestfalen/Lippe 2026/27;Ostwestfalen/Lippe;Jugend 19;2. Bezirksliga Jugend 19;2. Bezirksliga 3 Jugend 19;WTTV;Ostwestfalen/Lippe;42504;TTG Ikenhausen;Jugend 19;2;9;0;0;0;0;0;0;0;0;0;0;0;0;
WTTV;2026/27;Bezirk Ostwestfalen/Lippe 2026/27;Ostwestfalen/Lippe;Jugend 15;1. Bezirksliga Jugend 15;1. Bezirksliga 1 Jugend 15;WTTV;Ostwestfalen/Lippe;42617;VfL Hiddesen-Pivitsheide;Jugend 15;1;1;0;0;0;0;0;0;0;0;0;0;0;0;
WTTV;2026/27;Bezirk Ostwestfalen/Lippe 2026/27;Ostwestfalen/Lippe;Jugend 15;1. Bezirksliga Jugend 15;1. Bezirksliga 1 Jugend 15;WTTV;Ostwestfalen/Lippe;42614;TTV Lage e.V.;Jugend 15;1;2;0;0;0;0;0;0;0;0;0;0;0;0;
WTTV;2026/27;Bezirk Ostwestfalen/Lippe 2026/27;Ostwestfalen/Lippe;Jugend 15;1. Bezirksliga Jugend 15;1. Bezirksliga 1 Jugend 15;WTTV;Ostwestfalen/Lippe;42623;TuS Ahmsen;Jugend 15;1;3;0;0;0;0;0;0;0;0;0;0;0;0;
WTTV;2026/27;Bezirk Ostwestfalen/Lippe 2026/27;Ostwestfalen/Lippe;Jugend 15;1. Bezirksliga Jugend 15;1. Bezirksliga 1 Jugend 15;WTTV;Ostwestfalen/Lippe;42612;TuS Bexterhagen;Jugend 15;1;4;0;0;0;0;0;0;0;0;0;0;0;0;
WTTV;2026/27;Bezirk Ostwestfalen/Lippe 2026/27;Ostwestfalen/Lippe;Jugend 15;1. Bezirksliga Jugend 15;1. Bezirksliga 1 Jugend 15;WTTV;Ostwestfalen/Lippe;42610;TuS Helpup;Jugend 15;1;5;0;0;0;0;0;0;0;0;0;0;0;0;
WTTV;2026/27;Bezirk Ostwestfalen/Lippe 2026/27;Ostwestfalen/Lippe;Jugend 15;1. Bezirksliga Jugend 15;1. Bezirksliga 2 Jugend 15;WTTV;Ostwestfalen/Lippe;42507;Sportverein 1930 Bergheim;Jugend 15;1;1;0;0;0;0;0;0;0;0;0;0;0;0;
WTTV;2026/27;Bezirk Ostwestfalen/Lippe 2026/27;Ostwestfalen/Lippe;Jugend 15;1. Bezirksliga Jugend 15;1. Bezirksliga 2 Jugend 15;WTTV;Ostwestfalen/Lippe;42707;SC Victoria Neuenbeken;Jugend 15;1;2;0;0;0;0;0;0;0;0;0;0;0;0;
WTTV;2026/27;Bezirk Ostwestfalen/Lippe 2026/27;Ostwestfalen/Lippe;Jugend 15;1. Bezirksliga Jugend 15;1. Bezirksliga 2 Jugend 15;WTTV;Ostwestfalen/Lippe;42719;SV BW Etteln;Jugend 15;1;3;0;0;0;0;0;0;0;0;0;0;0;0;
WTTV;2026/27;Bezirk Ostwestfalen/Lippe 2026/27;Ostwestfalen/Lippe;Jugend 15;1. Bezirksliga Jugend 15;1. Bezirksliga 2 Jugend 15;WTTV;Ostwestfalen/Lippe;42521;SV Menne;Jugend 15;1;4;0;0;0;0;0;0;0;0;0;0;0;0;
WTTV;2026/27;Bezirk Ostwestfalen/Lippe 2026/27;Ostwestfalen/Lippe;Jugend 15;1. Bezirksliga Jugend 15;1. Bezirksliga 2 Jugend 15;WTTV;Ostwestfalen/Lippe;42512;SV Vörden;Jugend 15;1;5;0;0;0;0;0;0;0;0;0;0;0;0;
WTTV;2026/27;Bezirk Ostwestfalen/Lippe 2026/27;Ostwestfalen/Lippe;Jugend 15;2. Bezirksliga Jugend 15;2. Bezirksliga 1 Jugend 15;WTTV;Ostwestfalen/Lippe;42726;TSV Schloß Neuhaus;Jugend 15;1;1;0;0;0;0;0;0;0;0;0;0;0;0;
WTTV;2026/27;Bezirk Ostwestfalen/Lippe 2026/27;Ostwestfalen/Lippe;Jugend 15;2. Bezirksliga Jugend 15;2. Bezirksliga 1 Jugend 15;WTTV;Ostwestfalen/Lippe;42706;SC GW Paderborn;Jugend 15;1;2;0;0;0;0;0;0;0;0;0;0;0;0;
WTTV;2026/27;Bezirk Ostwestfalen/Lippe 2026/27;Ostwestfalen/Lippe;Jugend 15;2. Bezirksliga Jugend 15;2. Bezirksliga 1 Jugend 15;WTTV;Ostwestfalen/Lippe;42708;SC Borchen;Jugend 15;1;3;0;0;0;0;0;0;0;0;0;0;0;0;
WTTV;2026/27;Bezirk Ostwestfalen/Lippe 2026/27;Ostwestfalen/Lippe;Jugend 15;2. Bezirksliga Jugend 15;2. Bezirksliga 1 Jugend 15;WTTV;Ostwestfalen/Lippe;42711;TuS Bad Wünnenberg;Jugend 15;1;4;0;0;0;0;0;0;0;0;0;0;0;0;
WTTV;2026/27;Bezirk Ostwestfalen/Lippe 2026/27;Ostwestfalen/Lippe;Jugend 15;2. Bezirksliga Jugend 15;2. Bezirksliga 1 Jugend 15;WTTV;Ostwestfalen/Lippe;42503;TuS Bad Driburg;Jugend 15;1;5;0;0;0;0;0;0;0;0;0;0;0;0;
WTTV;2026/27;Bezirk Ostwestfalen/Lippe 2026/27;Ostwestfalen/Lippe;Jugend 15;2. Bezirksliga Jugend 15;2. Bezirksliga 2 Jugend 15;WTTV;Ostwestfalen/Lippe;42507;Sportverein 1930 Bergheim;Jugend 15;2;1;0;0;0;0;0;0;0;0;0;0;0;0;
WTTV;2026/27;Bezirk Ostwestfalen/Lippe 2026/27;Ostwestfalen/Lippe;Jugend 15;2. Bezirksliga Jugend 15;2. Bezirksliga 2 Jugend 15;WTTV;Ostwestfalen/Lippe;42607;TTV Horn-Bad Meinberg e.V.;Jugend 15;1;2;0;0;0;0;0;0;0;0;0;0;0;0;
WTTV;2026/27;Bezirk Ostwestfalen/Lippe 2026/27;Ostwestfalen/Lippe;Jugend 15;2. Bezirksliga Jugend 15;2. Bezirksliga 2 Jugend 15;WTTV;Ostwestfalen/Lippe;42501;DJK Adler Brakel;Jugend 15;1;3;0;0;0;0;0;0;0;0;0;0;0;0;
WTTV;2026/27;Bezirk Ostwestfalen/Lippe 2026/27;Ostwestfalen/Lippe;Jugend 15;2. Bezirksliga Jugend 15;2. Bezirksliga 2 Jugend 15;WTTV;Ostwestfalen/Lippe;42520;TTV Warburg;Jugend 15;1;4;0;0;0;0;0;0;0;0;0;0;0;0;
WTTV;2026/27;Bezirk Ostwestfalen/Lippe 2026/27;Ostwestfalen/Lippe;Jugend 15;2. Bezirksliga Jugend 15;2. Bezirksliga 2 Jugend 15;WTTV;Ostwestfalen/Lippe;42524;TTC Borgentreich;Jugend 15;1;5;0;0;0;0;0;0;0;0;0;0;0;0;
WTTV;2026/27;Bezirk Ostwestfalen/Lippe 2026/27;Ostwestfalen/Lippe;Jugend 15;2. Bezirksliga Jugend 15;2. Bezirksliga 2 Jugend 15;WTTV;Ostwestfalen/Lippe;42505;Tischtennisverein Höxter;Jugend 15;1;6;0;0;0;0;0;0;0;0;0;0;0;0;
WTTV;2026/27;Bezirk Ostwestfalen/Lippe 2026/27;Ostwestfalen/Lippe;Jugend 15;1. Bezirksklasse Jugend 15;1. Bezirksklasse 1 Jugend 15;WTTV;Ostwestfalen/Lippe;42629;TV Barntrup;Jugend 15;1;1;0;0;0;0;0;0;0;0;0;0;0;0;
WTTV;2026/27;Bezirk Ostwestfalen/Lippe 2026/27;Ostwestfalen/Lippe;Jugend 15;1. Bezirksklasse Jugend 15;1. Bezirksklasse 1 Jugend 15;WTTV;Ostwestfalen/Lippe;42608;TSV Eintracht Belle;Jugend 15;1;2;0;0;0;0;0;0;0;0;0;0;0;0;
WTTV;2026/27;Bezirk Ostwestfalen/Lippe 2026/27;Ostwestfalen/Lippe;Jugend 15;1. Bezirksklasse Jugend 15;1. Bezirksklasse 1 Jugend 15;WTTV;Ostwestfalen/Lippe;42623;TuS Ahmsen;Jugend 15;2;3;0;0;0;0;0;0;0;0;0;0;0;0;
WTTV;2026/27;Bezirk Ostwestfalen/Lippe 2026/27;Ostwestfalen/Lippe;Jugend 15;1. Bezirksklasse Jugend 15;1. Bezirksklasse 1 Jugend 15;WTTV;Ostwestfalen/Lippe;42607;TTV Horn-Bad Meinberg e.V.;Jugend 15;2;4;0;0;0;0;0;0;0;0;0;0;0;0;
WTTV;2026/27;Bezirk Ostwestfalen/Lippe 2026/27;Ostwestfalen/Lippe;Jugend 15;1. Bezirksklasse Jugend 15;1. Bezirksklasse 1 Jugend 15;WTTV;Ostwestfalen/Lippe;42601;TTC Schuckenbaum;Jugend 15;1;5;0;0;0;0;0;0;0;0;0;0;0;0;
WTTV;2026/27;Bezirk Ostwestfalen/Lippe 2026/27;Ostwestfalen/Lippe;Jugend 15;1. Bezirksklasse Jugend 15;1. Bezirksklasse 2 Jugend 15;WTTV;Ostwestfalen/Lippe;42712;TuRa Elsen;Jugend 15;1;1;0;0;0;0;0;0;0;0;0;0;0;0;
WTTV;2026/27;Bezirk Ostwestfalen/Lippe 2026/27;Ostwestfalen/Lippe;Jugend 15;1. Bezirksklasse Jugend 15;1. Bezirksklasse 2 Jugend 15;WTTV;Ostwestfalen/Lippe;42724;SV Rot-Weiß Alfen;Jugend 15;1;2;0;0;0;0;0;0;0;0;0;0;0;0;
WTTV;2026/27;Bezirk Ostwestfalen/Lippe 2026/27;Ostwestfalen/Lippe;Jugend 15;1. Bezirksklasse Jugend 15;1. Bezirksklasse 2 Jugend 15;WTTV;Ostwestfalen/Lippe;42802;BV 23 Alme e.V.;Jugend 15;1;3;0;0;0;0;0;0;0;0;0;0;0;0;
WTTV;2026/27;Bezirk Ostwestfalen/Lippe 2026/27;Ostwestfalen/Lippe;Jugend 15;1. Bezirksklasse Jugend 15;1. Bezirksklasse 2 Jugend 15;WTTV;Ostwestfalen/Lippe;42719;SV BW Etteln;Jugend 15;2;4;0;0;0;0;0;0;0;0;0;0;0;0;
WTTV;2026/27;Bezirk Ostwestfalen/Lippe 2026/27;Ostwestfalen/Lippe;Jugend 15;1. Bezirksklasse Jugend 15;1. Bezirksklasse 2 Jugend 15;WTTV;Ostwestfalen/Lippe;42802;BV 23 Alme e.V.;Jugend 15;2;5;0;0;0;0;0;0;0;0;0;0;0;0;
WTTV;2026/27;Bezirk Ostwestfalen/Lippe 2026/27;Ostwestfalen/Lippe;Jugend 15;1. Bezirksklasse Jugend 15;1. Bezirksklasse 2 Jugend 15;WTTV;Ostwestfalen/Lippe;42722;DJK Graf Sporck 1920 e.V. Delbrück;Jugend 15;1;6;0;0;0;0;0;0;0;0;0;0;0;0;
WTTV;2026/27;Bezirk Ostwestfalen/Lippe 2026/27;Ostwestfalen/Lippe;Jugend 15;1. Bezirksklasse Jugend 15;1. Bezirksklasse 3 Jugend 15;WTTV;Ostwestfalen/Lippe;42502;TTV Borgholz;Jugend 15;1;1;0;0;0;0;0;0;0;0;0;0;0;0;
WTTV;2026/27;Bezirk Ostwestfalen/Lippe 2026/27;Ostwestfalen/Lippe;Jugend 15;1. Bezirksklasse Jugend 15;1. Bezirksklasse 3 Jugend 15;WTTV;Ostwestfalen/Lippe;42523;SV GW Lütgeneder;Jugend 15;1;2;0;0;0;0;0;0;0;0;0;0;0;0;
WTTV;2026/27;Bezirk Ostwestfalen/Lippe 2026/27;Ostwestfalen/Lippe;Jugend 15;1. Bezirksklasse Jugend 15;1. Bezirksklasse 3 Jugend 15;WTTV;Ostwestfalen/Lippe;42523;SV GW Lütgeneder;Jugend 15;2;3;0;0;0;0;0;0;0;0;0;0;0;0;
WTTV;2026/27;Bezirk Ostwestfalen/Lippe 2026/27;Ostwestfalen/Lippe;Jugend 15;1. Bezirksklasse Jugend 15;1. Bezirksklasse 3 Jugend 15;WTTV;Ostwestfalen/Lippe;42502;TTV Borgholz;Jugend 15;2;4;0;0;0;0;0;0;0;0;0;0;0;0;
WTTV;2026/27;Bezirk Ostwestfalen/Lippe 2026/27;Ostwestfalen/Lippe;Jugend 15;1. Bezirksklasse Jugend 15;1. Bezirksklasse 3 Jugend 15;WTTV;Ostwestfalen/Lippe;42518;FC Bühne 1929;Jugend 15;1;5;0;0;0;0;0;0;0;0;0;0;0;0;
WTTV;2026/27;Bezirk Ostwestfalen/Lippe 2026/27;Ostwestfalen/Lippe;Jugend 13;1. Bezirksliga Jugend 13;1. Bezirksliga 1 Jugend 13;WTTV;Ostwestfalen/Lippe;42623;TuS Ahmsen;Jugend 13;1;1;0;0;0;0;0;0;0;0;0;0;0;0;
WTTV;2026/27;Bezirk Ostwestfalen/Lippe 2026/27;Ostwestfalen/Lippe;Jugend 13;1. Bezirksliga Jugend 13;1. Bezirksliga 1 Jugend 13;WTTV;Ostwestfalen/Lippe;42706;SC GW Paderborn;Jugend 13;1;2;0;0;0;0;0;0;0;0;0;0;0;0;
WTTV;2026/27;Bezirk Ostwestfalen/Lippe 2026/27;Ostwestfalen/Lippe;Jugend 13;1. Bezirksliga Jugend 13;1. Bezirksliga 1 Jugend 13;WTTV;Ostwestfalen/Lippe;42712;TuRa Elsen;Jugend 13;1;3;0;0;0;0;0;0;0;0;0;0;0;0;
WTTV;2026/27;Bezirk Ostwestfalen/Lippe 2026/27;Ostwestfalen/Lippe;Jugend 13;1. Bezirksliga Jugend 13;1. Bezirksliga 1 Jugend 13;WTTV;Ostwestfalen/Lippe;42608;TSV Eintracht Belle;Jugend 13;1;4;0;0;0;0;0;0;0;0;0;0;0;0;
WTTV;2026/27;Bezirk Ostwestfalen/Lippe 2026/27;Ostwestfalen/Lippe;Jugend 13;1. Bezirksliga Jugend 13;1. Bezirksliga 1 Jugend 13;WTTV;Ostwestfalen/Lippe;42614;TTV Lage e.V.;Jugend 13;1;5;0;0;0;0;0;0;0;0;0;0;0;0;
WTTV;2026/27;Bezirk Ostwestfalen/Lippe 2026/27;Ostwestfalen/Lippe;Jugend 13;1. Bezirksliga Jugend 13;1. Bezirksliga 1 Jugend 13;WTTV;Ostwestfalen/Lippe;42612;TuS Bexterhagen;Jugend 13;1;6;0;0;0;0;0;0;0;0;0;0;0;0;
WTTV;2026/27;Bezirk Ostwestfalen/Lippe 2026/27;Ostwestfalen/Lippe;Jugend 13;1. Bezirksliga Jugend 13;1. Bezirksliga 1 Jugend 13;WTTV;Ostwestfalen/Lippe;42716;SV Rot-Weiß Bentfeld;Jugend 13;1;7;0;0;0;0;0;0;0;0;0;0;0;0;
WTTV;2026/27;Bezirk Ostwestfalen/Lippe 2026/27;Ostwestfalen/Lippe;Jugend 13;1. Bezirksliga Jugend 13;1. Bezirksliga 1 Jugend 13;WTTV;Ostwestfalen/Lippe;42503;TuS Bad Driburg;Jugend 13;1;8;0;0;0;0;0;0;0;0;0;0;0;0;
WTTV;2026/27;Bezirk Ostwestfalen/Lippe 2026/27;Ostwestfalen/Lippe;Jugend 13;1. Bezirksliga Jugend 13;1. Bezirksliga 2 Jugend 13;WTTV;Ostwestfalen/Lippe;42520;TTV Warburg;Jugend 13;1;1;0;0;0;0;0;0;0;0;0;0;0;0;
WTTV;2026/27;Bezirk Ostwestfalen/Lippe 2026/27;Ostwestfalen/Lippe;Jugend 13;1. Bezirksliga Jugend 13;1. Bezirksliga 2 Jugend 13;WTTV;Ostwestfalen/Lippe;42502;TTV Borgholz;Jugend 13;1;2;0;0;0;0;0;0;0;0;0;0;0;0;
WTTV;2026/27;Bezirk Ostwestfalen/Lippe 2026/27;Ostwestfalen/Lippe;Jugend 13;1. Bezirksliga Jugend 13;1. Bezirksliga 2 Jugend 13;WTTV;Ostwestfalen/Lippe;42501;DJK Adler Brakel;Jugend 13;1;3;0;0;0;0;0;0;0;0;0;0;0;0;
WTTV;2026/27;Bezirk Ostwestfalen/Lippe 2026/27;Ostwestfalen/Lippe;Jugend 13;1. Bezirksliga Jugend 13;1. Bezirksliga 2 Jugend 13;WTTV;Ostwestfalen/Lippe;42526;SV Teutonia Ossendorf;Jugend 13;1;4;0;0;0;0;0;0;0;0;0;0;0;0;
WTTV;2026/27;Bezirk Ostwestfalen/Lippe 2026/27;Ostwestfalen/Lippe;Jugend 13;1. Bezirksliga Jugend 13;1. Bezirksliga 2 Jugend 13;WTTV;Ostwestfalen/Lippe;42521;SV Menne;Jugend 13;1;5;0;0;0;0;0;0;0;0;0;0;0;0;
WTTV;2026/27;Bezirk Ostwestfalen/Lippe 2026/27;Ostwestfalen/Lippe;Jugend 13;1. Bezirksliga Jugend 13;1. Bezirksliga 2 Jugend 13;WTTV;Ostwestfalen/Lippe;42504;TTG Ikenhausen;Jugend 13;1;6;0;0;0;0;0;0;0;0;0;0;0;0;
